customer_id,order_date,status,total_amount
171,2024-10-16 20:37:25,paid,2596.03
52,2024-04-20 01:57:24,delivered,1082.47
80,2024-02-14 16:55:58,cancelled,1661.46
121,2023-09-02 15:24:10,delivered,1900.22
456,2023-06-03 18:24:53,paid,2757.41
377,2024-12-24 02:03:30,paid,3377.11
458,2024-03-23 15:27:11,shipped,4976.22
274,2024-10-27 06:46:54,cancelled,784.21
38,2023-08-06 05:02:15,paid,2966.2
277,2023-03-29 14:31:31,cancelled,936.88
442,2023-10-14 02:40:04,shipped,325.87
64,2023-11-27 18:20:13,delivered,131.58
192,2024-08-11 04:32:43,cancelled,2356.95
205,2024-05-26 23:49:07,delivered,1963.4
494,2023-09-20 14:12:10,shipped,1197.49
70,2024-03-01 09:52:39,shipped,681.73
415,2024-09-17 06:17:31,cancelled,4283.9
265,2023-03-20 03:53:52,delivered,548.4
388,2023-10-06 13:00:25,delivered,3986.74
234,2024-08-06 10:11:48,delivered,821.96
149,2024-08-09 14:32:54,pending,1599.81
151,2024-07-29 05:06:52,paid,4914.52
272,2023-12-28 06:20:02,cancelled,4858.53
437,2024-09-22 14:01:57,shipped,1377.91
48,2023-04-20 23:03:36,shipped,494.53
11,2024-11-11 08:38:03,shipped,3336.79
131,2024-08-21 22:23:16,pending,3699.48
69,2024-12-08 13:48:09,delivered,2305.12
437,2023-07-28 07:36:49,shipped,1736.98
12,2024-06-16 20:24:50,delivered,1008.92
55,2024-04-29 19:23:20,cancelled,3595.85
258,2024-12-09 06:30:54,paid,3041.47
337,2023-10-22 04:15:47,shipped,2247.12
388,2024-03-18 04:17:48,shipped,4936.97
364,2024-09-10 00:09:35,paid,2128.86
140,2024-10-27 23:43:22,pending,4832.96
252,2024-11-08 07:23:09,pending,474.54
175,2023-06-15 10:39:34,paid,3789.04
215,2024-04-09 12:11:11,pending,4301.28
500,2024-04-21 17:59:41,cancelled,3627.46
336,2023-03-24 00:12:22,delivered,313.62
276,2023-07-02 10:42:37,pending,1587.6
20,2024-03-16 03:47:05,delivered,2251.61
291,2023-01-30 01:00:27,delivered,4625.88
105,2023-12-08 03:21:56,shipped,73.45
101,2024-08-04 11:55:05,paid,3574.81
132,2024-10-16 13:12:38,cancelled,925.53
99,2024-01-02 12:20:26,paid,4765.4
36,2024-11-18 12:24:29,pending,2769.66
325,2023-01-19 19:14:53,cancelled,182.23
301,2024-01-21 15:00:51,delivered,1968.68
346,2023-05-11 18:42:18,delivered,331.74
271,2024-07-12 23:06:53,cancelled,1982.19
25,2024-10-03 19:01:06,cancelled,3246.67
381,2024-04-17 06:05:04,pending,3696.41
374,2023-01-12 01:39:56,delivered,4653.69
343,2024-04-20 19:37:39,paid,813.01
131,2023-06-15 20:25:47,delivered,219.39
403,2024-04-26 13:38:38,pending,3642.98
425,2023-02-04 11:50:44,cancelled,1171.32
224,2024-12-12 03:40:01,pending,1884.23
217,2024-05-23 22:54:29,delivered,1840.58
334,2024-07-27 14:46:14,cancelled,4568.49
102,2024-03-30 02:39:32,shipped,4366.42
299,2024-07-15 12:37:23,shipped,4545.95
214,2023-05-05 00:03:11,delivered,186.51
29,2023-05-03 13:37:22,pending,106.52
310,2024-01-04 05:26:22,cancelled,3264.64
116,2023-02-16 19:35:33,cancelled,4232.3
318,2024-08-08 10:29:05,shipped,1311.48
190,2024-10-05 02:42:14,cancelled,2953.02
252,2023-12-22 12:29:09,delivered,716.83
4,2023-03-26 19:10:14,shipped,1159.62
205,2023-06-07 22:08:53,pending,2531.13
238,2023-01-24 02:37:09,paid,2528.27
491,2023-05-22 01:33:38,shipped,2015.36
303,2024-01-31 16:37:11,pending,3612.56
214,2023-03-18 16:16:24,cancelled,1343.33
182,2023-09-18 02:41:29,pending,4935.07
29,2024-09-11 10:59:49,shipped,4079.03
498,2024-08-09 09:09:28,cancelled,1786.27
294,2024-10-27 15:15:19,shipped,3782.32
283,2024-03-05 00:36:48,cancelled,3451.35
256,2024-09-23 15:33:39,cancelled,715.18
42,2024-01-11 08:44:24,paid,1847.58
76,2023-08-24 15:37:05,pending,3034.07
118,2023-03-28 01:35:10,paid,2736.35
345,2024-08-17 08:49:36,shipped,3836.99
261,2024-10-06 08:33:31,shipped,2833.0
437,2023-01-07 00:41:04,cancelled,3313.97
281,2023-04-14 00:19:47,shipped,3143.34
311,2023-04-15 19:35:53,paid,4867.06
449,2024-07-31 22:10:12,shipped,1418.75
79,2024-08-07 22:51:19,delivered,1205.72
412,2023-12-17 20:33:30,delivered,2082.02
17,2024-10-02 01:47:15,delivered,3900.57
496,2024-11-17 13:47:09,paid,1207.14
308,2024-10-01 12:52:46,delivered,1028.05
401,2024-08-28 16:21:12,delivered,2208.2
132,2023-04-18 13:20:48,cancelled,807.63
242,2023-10-05 14:24:30,paid,2178.63
312,2024-01-12 01:03:54,shipped,4807.73
431,2023-07-20 02:48:22,cancelled,4094.17
379,2024-06-02 19:47:50,paid,2730.62
129,2023-11-08 08:20:47,pending,4467.72
477,2023-05-06 09:46:58,shipped,1603.16
102,2024-05-27 01:30:12,shipped,1100.88
450,2023-12-07 19:52:31,pending,2848.82
31,2024-07-06 10:37:02,cancelled,760.02
250,2024-12-12 20:52:49,shipped,4205.62
376,2023-08-28 10:31:46,cancelled,1273.75
59,2023-04-10 11:14:07,pending,1801.54
201,2023-02-10 11:30:34,paid,2337.79
71,2024-12-08 18:25:56,pending,2759.77
222,2024-02-09 08:59:11,shipped,2525.3
46,2023-01-04 10:57:41,paid,283.77
445,2023-08-11 09:40:24,cancelled,3978.51
147,2023-02-19 04:37:39,delivered,1461.02
254,2024-03-29 01:19:54,delivered,952.56
419,2024-09-03 08:31:02,cancelled,4856.27
480,2023-08-11 05:55:14,paid,4997.53
199,2024-10-28 16:12:45,cancelled,600.5
409,2023-04-11 07:57:02,shipped,1761.69
121,2023-06-28 08:35:00,delivered,1807.62
138,2024-01-28 00:24:34,shipped,402.94
104,2023-10-02 15:05:31,pending,259.36
273,2023-10-08 01:32:03,paid,2263.55
5,2023-01-04 22:10:32,delivered,3459.61
449,2024-08-02 14:55:00,pending,949.59
149,2023-11-12 15:29:59,pending,4477.96
313,2023-03-26 04:58:17,paid,3444.54
320,2023-06-13 13:05:02,cancelled,2003.3
303,2023-05-29 01:41:36,paid,3080.3
466,2023-11-06 10:39:04,delivered,2104.0
194,2024-02-23 14:40:28,shipped,2668.55
143,2023-03-05 18:16:05,pending,4534.6
85,2024-07-29 13:24:16,pending,1386.43
207,2024-08-25 08:27:09,shipped,2097.63
52,2024-10-13 22:23:49,paid,4689.35
66,2024-03-26 17:23:34,pending,4285.82
183,2024-10-22 18:28:10,paid,3781.81
348,2023-04-06 13:34:32,delivered,4317.85
478,2023-05-16 08:14:42,pending,366.39
302,2024-02-12 14:43:02,paid,4186.01
208,2024-03-28 21:19:41,paid,4559.45
462,2023-10-15 10:41:17,pending,493.99
310,2023-05-14 17:26:15,pending,166.94
170,2023-10-15 23:45:03,delivered,2740.68
406,2024-06-12 08:47:12,paid,127.17
18,2024-03-24 15:57:36,shipped,2019.59
129,2024-12-25 23:37:05,shipped,2369.81
292,2023-10-15 20:09:42,delivered,4167.58
428,2024-08-08 20:52:34,shipped,2393.8
182,2023-08-12 00:32:28,paid,1798.0
441,2024-01-18 01:28:15,shipped,3290.36
466,2024-06-05 01:09:28,paid,3070.12
266,2023-01-10 00:35:25,paid,2149.51
165,2023-08-02 23:04:13,pending,4526.49
102,2023-04-29 19:39:07,cancelled,4608.1
8,2024-11-22 18:50:51,pending,3504.62
254,2024-10-29 00:39:24,delivered,1659.74
348,2023-07-12 17:50:30,pending,3249.17
318,2023-03-05 07:21:14,pending,1988.97
176,2024-11-17 19:24:52,cancelled,2468.19
60,2023-04-04 05:16:01,shipped,3187.48
116,2024-04-06 15:26:12,paid,377.0
478,2023-05-10 00:29:10,paid,1110.6
56,2024-12-07 08:08:27,cancelled,1629.16
287,2024-10-31 12:47:42,paid,3566.05
331,2023-04-11 03:04:46,delivered,44.69
361,2024-09-13 16:06:16,cancelled,681.38
245,2024-07-21 16:13:55,pending,4933.06
498,2024-10-06 20:57:24,paid,266.49
199,2023-06-28 23:52:40,delivered,2253.75
136,2024-07-27 02:44:19,shipped,2970.54
331,2023-11-29 04:13:17,delivered,677.89
302,2023-12-12 09:12:06,pending,840.93
95,2023-01-06 08:35:22,paid,1349.96
150,2024-01-30 10:09:59,paid,4012.7
127,2024-10-05 20:28:02,shipped,2827.52
135,2024-02-10 06:55:17,pending,4212.01
168,2024-05-01 05:12:05,pending,3948.21
244,2023-09-18 20:33:50,cancelled,3859.16
474,2023-01-03 04:26:05,paid,4633.15
485,2024-08-01 19:29:31,cancelled,1283.5
22,2023-04-04 07:48:03,cancelled,3759.81
51,2023-03-09 07:25:21,pending,662.9
346,2023-07-24 13:27:46,shipped,1162.59
151,2024-05-19 21:41:52,shipped,690.04
63,2024-11-22 14:14:51,paid,3414.06
471,2024-12-29 08:21:11,pending,20.98
325,2024-06-14 14:18:07,delivered,4712.81
65,2023-03-24 01:35:20,cancelled,646.99
305,2023-02-08 00:16:29,pending,2135.11
488,2023-10-09 01:44:54,delivered,429.03
435,2024-02-21 01:44:29,shipped,787.41
338,2023-04-08 03:19:22,pending,326.11
137,2023-01-05 20:34:37,delivered,4670.36
426,2024-07-01 02:49:16,shipped,2486.1
452,2024-03-02 02:44:56,cancelled,1947.49
97,2024-06-23 13:40:22,pending,224.26
457,2024-02-15 00:25:36,pending,421.76
143,2023-03-27 09:01:34,cancelled,2126.97
423,2023-10-01 19:24:25,shipped,671.47
277,2024-08-25 04:19:43,delivered,1374.05
207,2023-07-12 09:53:00,shipped,4823.41
306,2024-06-11 15:09:23,cancelled,2579.71
439,2024-08-01 18:21:30,shipped,2021.35
146,2024-11-18 02:44:31,delivered,52.33
128,2024-06-21 12:08:21,shipped,1024.03
206,2024-03-03 22:38:47,paid,4034.31
129,2024-12-25 10:25:49,cancelled,1689.93
146,2024-05-05 14:08:55,delivered,482.99
219,2023-06-28 14:25:34,pending,2847.34
303,2024-09-26 11:50:26,shipped,2477.37
496,2024-06-13 15:15:13,pending,1457.52
17,2023-06-01 16:37:13,delivered,871.12
400,2023-02-03 12:19:31,delivered,4902.05
212,2024-01-04 17:37:36,delivered,178.86
499,2023-01-01 23:29:13,cancelled,691.64
233,2023-07-22 19:50:46,paid,1724.64
412,2023-07-30 11:05:41,paid,586.15
347,2023-08-19 09:07:42,delivered,2624.01
451,2024-04-22 17:48:31,paid,1018.84
275,2023-02-01 06:28:09,paid,3317.27
430,2024-06-01 03:58:08,pending,517.47
307,2024-09-13 23:14:57,cancelled,1819.07
103,2023-07-26 04:20:29,cancelled,3117.89
36,2024-11-14 19:44:49,shipped,3372.72
264,2024-12-17 01:20:57,delivered,4086.42
357,2024-07-13 23:09:21,shipped,3543.58
208,2023-08-31 06:09:44,cancelled,4085.25
304,2024-03-17 07:22:21,delivered,268.01
317,2023-02-28 03:13:42,delivered,3752.86
139,2024-06-09 23:14:36,cancelled,4580.82
48,2023-02-23 21:56:06,shipped,3780.32
357,2023-05-25 17:00:53,shipped,1866.59
228,2024-04-16 04:34:56,pending,1610.04
1,2024-10-06 04:21:50,shipped,1703.11
488,2023-04-25 20:54:38,pending,3878.52
226,2023-09-20 14:01:06,delivered,1633.49
306,2024-01-02 11:28:22,shipped,3311.36
301,2024-06-30 19:24:37,cancelled,4084.99
34,2023-02-14 05:03:59,pending,1345.61
321,2024-08-31 14:11:57,delivered,1048.95
249,2024-03-17 02:43:32,pending,2158.83
308,2024-08-07 13:50:19,cancelled,3370.5
337,2024-08-04 13:57:41,shipped,3596.76
395,2023-01-19 08:27:25,pending,530.33
235,2023-05-26 11:06:57,shipped,2022.18
283,2023-01-05 15:39:32,delivered,4066.99
314,2024-07-20 13:43:06,shipped,530.45
199,2024-07-28 09:13:17,shipped,1534.55
343,2024-02-28 07:22:18,pending,1653.81
78,2023-09-18 07:25:46,paid,4853.24
397,2023-12-06 19:30:45,cancelled,4163.87
129,2024-08-11 07:17:38,delivered,3464.18
424,2023-02-13 21:42:42,paid,4601.23
71,2023-08-25 09:12:24,shipped,4769.14
393,2023-05-08 22:21:50,cancelled,4708.53
116,2024-12-02 16:34:16,paid,4511.65
456,2024-10-31 02:28:15,shipped,4666.23
216,2023-03-30 20:14:18,delivered,388.45
427,2024-10-08 01:56:20,shipped,4443.28
457,2023-02-22 12:36:05,pending,4949.16
375,2024-04-03 08:17:42,cancelled,2204.4
435,2023-02-05 06:41:17,shipped,654.12
317,2024-07-08 03:55:31,cancelled,94.9
384,2024-05-13 19:29:56,pending,287.52
45,2024-09-14 17:36:36,shipped,2793.34
96,2024-07-24 14:03:58,delivered,828.74
58,2023-02-10 16:22:02,paid,342.42
185,2023-09-23 09:00:15,shipped,631.38
14,2024-10-08 12:13:55,shipped,2287.42
205,2023-01-08 18:20:03,shipped,172.37
480,2023-06-23 06:54:04,cancelled,2978.96
308,2024-12-13 11:10:02,delivered,4161.01
391,2023-01-01 21:09:36,delivered,3148.65
177,2024-11-15 06:04:10,delivered,2444.89
15,2023-10-24 03:15:09,delivered,1796.63
36,2023-04-09 09:08:53,delivered,83.62
303,2024-11-30 12:01:31,delivered,2864.13
419,2023-06-03 13:12:02,cancelled,4266.27
199,2023-09-17 17:29:51,delivered,2117.36
118,2024-07-07 06:49:08,paid,4112.2
236,2023-05-23 17:49:31,pending,816.53
165,2024-04-01 03:51:35,pending,1633.45
449,2023-12-17 11:43:18,shipped,4205.39
432,2024-08-15 13:42:57,delivered,3310.81
324,2024-12-05 12:01:01,delivered,317.24
98,2024-08-20 02:03:03,delivered,33.07
137,2024-11-26 01:32:15,paid,3139.21
296,2024-06-24 13:56:54,cancelled,1327.11
2,2023-10-03 22:31:16,paid,4222.06
115,2024-06-23 15:26:05,shipped,3179.4
36,2024-05-09 14:59:19,delivered,4698.6
205,2024-01-24 00:38:03,delivered,4246.14
376,2023-04-24 16:17:27,pending,3838.13
19,2023-11-29 01:26:03,paid,3200.98
265,2024-08-25 02:56:28,cancelled,2106.49
401,2024-04-13 00:12:33,delivered,2815.12
200,2024-11-04 03:55:39,pending,4306.17
237,2023-05-31 03:39:03,pending,3166.42
499,2023-10-05 08:20:56,shipped,360.1
51,2024-11-07 20:31:15,pending,1225.53
11,2024-04-10 13:17:21,delivered,3842.2
141,2023-03-06 06:44:43,delivered,3417.71
239,2024-10-07 00:38:05,cancelled,275.07
155,2023-06-06 09:21:06,delivered,2974.9
115,2024-12-10 08:18:07,pending,4705.0
392,2023-10-31 09:00:00,delivered,3034.67
469,2023-11-25 17:15:55,delivered,49.28
142,2024-01-04 09:09:11,paid,1602.18
187,2023-10-13 23:37:05,shipped,3140.13
215,2023-11-20 19:51:06,shipped,913.69
12,2023-11-24 19:31:32,paid,3963.48
96,2023-09-07 16:13:51,pending,1218.02
299,2023-12-06 14:36:38,delivered,299.44
263,2024-08-14 04:05:23,paid,3979.53
129,2023-11-09 16:01:45,delivered,4172.6
57,2024-12-02 02:10:40,delivered,2707.5
451,2024-09-01 03:46:03,shipped,4626.32
214,2024-04-27 11:06:11,shipped,1588.64
180,2023-09-09 02:53:26,shipped,2223.71
414,2024-11-28 04:30:45,cancelled,1053.72
11,2024-10-21 13:47:36,pending,4254.35
256,2023-12-31 15:54:45,pending,2172.45
206,2024-08-16 18:29:08,paid,879.12
206,2023-04-20 23:36:00,cancelled,4865.97
333,2024-03-25 23:39:17,delivered,707.3
417,2023-08-31 05:18:56,cancelled,3618.61
439,2024-03-24 20:14:46,cancelled,2706.12
53,2023-04-02 00:28:19,paid,527.47
130,2023-08-14 09:26:16,shipped,500.64
290,2023-10-14 21:48:07,delivered,3931.03
482,2023-03-16 12:26:38,delivered,3293.87
42,2024-05-12 22:39:46,paid,3567.61
166,2024-09-05 02:59:13,shipped,2427.7
214,2024-02-26 18:28:55,pending,2028.14
437,2024-12-05 11:37:20,paid,3344.5
290,2023-05-18 23:12:09,pending,3845.49
63,2024-06-05 03:08:08,cancelled,1186.8
147,2024-11-12 14:53:38,shipped,3343.81
230,2023-08-28 05:31:29,delivered,667.91
478,2024-04-20 19:57:37,cancelled,565.64
447,2024-04-25 06:09:27,cancelled,4619.46
398,2023-02-03 19:14:00,delivered,3184.13
173,2024-11-19 07:54:57,paid,3879.17
492,2023-08-06 05:50:06,pending,4808.69
18,2024-03-26 08:25:24,shipped,2744.34
263,2023-03-04 05:31:39,shipped,3315.56
75,2023-06-15 20:22:35,paid,2637.19
212,2024-01-08 06:14:01,shipped,1622.08
69,2023-04-21 10:24:43,cancelled,1670.93
253,2024-01-03 00:06:14,paid,4899.95
91,2024-03-27 08:31:10,delivered,371.01
267,2024-01-22 16:25:10,delivered,4554.69
362,2024-06-11 17:38:00,pending,1209.85
298,2023-08-25 02:04:32,cancelled,115.23
344,2024-07-15 06:44:53,delivered,1168.33
249,2024-02-11 19:40:41,paid,1171.94
263,2024-12-24 08:44:19,paid,2017.18
301,2023-09-24 23:17:41,pending,3851.62
244,2023-01-20 01:24:10,paid,1032.44
371,2023-04-12 09:48:50,pending,4114.87
492,2023-04-20 12:12:41,pending,4047.16
13,2023-03-24 00:47:47,paid,1189.44
338,2023-04-27 18:38:05,pending,4944.45
225,2024-01-01 12:26:52,delivered,2834.25
151,2024-05-20 20:01:56,shipped,110.06
19,2024-06-17 12:48:56,cancelled,2329.24
247,2023-04-12 13:31:37,pending,3248.02
23,2024-01-07 12:14:49,shipped,1693.77
160,2024-08-28 13:33:27,pending,1077.86
35,2023-01-29 10:57:51,shipped,2224.01
451,2023-12-16 18:06:30,cancelled,4111.14
489,2023-12-23 09:40:47,paid,1076.75
189,2024-03-03 08:32:31,paid,4477.12
329,2023-12-21 21:13:58,pending,543.16
119,2023-07-03 08:12:19,pending,604.3
261,2023-09-02 09:31:28,pending,2385.42
377,2024-09-02 15:48:17,cancelled,152.46
222,2023-11-27 21:05:42,paid,4138.27
412,2024-08-07 02:27:54,delivered,4714.17
171,2023-05-06 01:54:52,shipped,257.64
103,2024-05-01 05:19:51,delivered,2679.18
107,2023-04-26 18:46:02,pending,2953.14
270,2023-08-01 22:57:39,cancelled,2573.36
52,2024-01-12 19:54:55,delivered,4582.24
221,2024-02-08 06:01:54,cancelled,2704.87
53,2024-09-02 17:19:05,delivered,284.41
304,2024-08-25 00:57:04,paid,294.73
198,2023-05-26 13:45:13,pending,4909.59
283,2023-09-13 03:12:34,pending,2474.16
52,2024-09-20 05:13:13,cancelled,2234.87
60,2023-07-18 02:10:57,paid,180.15
8,2023-03-31 11:52:56,pending,1028.31
419,2023-03-28 08:04:00,paid,3158.6
41,2024-02-22 23:17:10,pending,1958.61
85,2024-01-10 00:53:42,cancelled,3861.28
372,2023-06-07 13:48:12,delivered,3919.31
317,2023-01-11 00:04:14,paid,2880.46
413,2024-03-28 04:25:50,cancelled,2643.42
30,2024-08-17 00:27:02,delivered,1177.77
342,2024-06-23 08:46:13,pending,1038.91
250,2024-10-06 07:53:40,delivered,1912.6
477,2024-07-28 02:21:12,delivered,2155.02
332,2024-05-20 09:14:35,shipped,3900.7
326,2023-08-06 23:42:36,pending,2817.39
171,2024-09-09 23:59:18,paid,3275.84
401,2024-07-21 06:22:56,shipped,2449.71
189,2023-03-05 01:57:59,pending,4348.63
339,2024-09-27 21:34:36,paid,3352.75
495,2023-07-29 05:05:38,shipped,2849.07
190,2024-06-08 02:03:04,pending,3024.25
166,2023-02-27 23:11:46,cancelled,936.42
448,2024-01-08 03:14:50,cancelled,3222.7
424,2023-07-13 20:11:52,delivered,55.65
163,2023-09-04 18:40:31,shipped,4545.43
253,2024-09-16 07:50:30,delivered,486.19
382,2023-05-27 06:25:19,cancelled,832.33
5,2023-05-15 03:23:59,shipped,2834.54
291,2023-08-21 11:37:22,cancelled,2173.46
366,2023-06-22 06:50:30,paid,1199.36
82,2024-03-29 17:08:03,pending,4251.34
149,2024-01-04 02:39:17,shipped,2973.65
244,2024-01-26 13:55:53,delivered,2358.88
206,2023-03-01 18:25:14,delivered,1801.5
303,2023-01-06 15:33:11,paid,2910.21
191,2024-01-21 14:21:24,pending,1845.15
194,2024-08-02 13:19:20,cancelled,3972.49
401,2023-04-30 10:40:34,pending,4804.18
59,2024-08-02 19:47:11,delivered,1310.63
49,2023-03-29 07:04:49,pending,424.75
202,2024-11-08 16:46:29,cancelled,1955.06
106,2023-06-22 03:25:54,pending,1835.04
222,2023-07-20 04:15:17,shipped,2924.72
178,2023-06-01 04:23:57,pending,73.23
239,2024-09-20 19:55:51,paid,2210.5
222,2024-10-22 11:11:32,delivered,4216.54
92,2024-10-19 09:21:46,delivered,2463.39
77,2023-04-28 23:35:41,shipped,4768.46
183,2023-10-26 17:33:14,cancelled,2989.01
382,2024-02-29 19:28:01,shipped,4429.32
241,2023-12-06 22:22:46,cancelled,3979.73
455,2024-07-19 21:30:38,paid,530.72
103,2023-12-29 21:03:14,shipped,1605.96
116,2024-12-05 22:20:07,delivered,4490.05
427,2023-05-16 15:37:00,delivered,1302.16
208,2023-06-26 07:05:44,cancelled,1136.69
294,2024-12-22 14:35:41,paid,561.45
441,2023-11-05 23:11:46,pending,4419.15
182,2023-03-15 05:25:58,shipped,2552.54
416,2023-05-19 09:28:51,shipped,2169.06
34,2024-11-28 06:28:24,delivered,4242.43
269,2024-08-12 22:30:55,cancelled,1957.73
371,2024-06-21 03:37:44,paid,3277.08
310,2024-09-06 08:20:00,shipped,4507.86
192,2023-06-11 02:25:01,pending,692.26
34,2023-07-18 09:49:17,delivered,2553.54
264,2024-06-30 16:24:51,shipped,3718.27
36,2023-05-06 00:04:46,paid,3817.27
37,2023-01-10 22:31:52,cancelled,3681.25
103,2024-10-20 21:25:32,paid,3699.82
96,2024-05-01 04:10:20,cancelled,1866.36
19,2024-11-11 18:57:27,shipped,1068.99
141,2023-10-23 20:06:16,shipped,203.02
195,2024-07-09 17:50:25,delivered,514.59
174,2023-02-03 02:00:41,shipped,1572.57
325,2024-11-06 09:30:35,shipped,173.16
186,2024-12-15 22:45:24,shipped,4826.94
278,2024-01-27 20:28:13,delivered,3267.45
222,2024-11-01 11:25:01,delivered,1011.96
335,2024-04-29 04:10:58,paid,889.3
381,2024-06-27 15:46:01,delivered,4335.96
496,2024-06-11 03:29:05,delivered,3047.09
14,2024-04-09 13:25:25,delivered,1301.94
409,2024-05-11 15:50:13,paid,2800.37
453,2023-03-15 17:08:36,paid,4072.26
481,2024-07-17 15:16:43,paid,4151.93
479,2024-06-13 22:43:32,delivered,2460.04
284,2023-06-05 11:21:25,cancelled,4584.38
275,2024-04-10 13:36:48,delivered,4098.69
341,2023-08-16 13:58:54,shipped,2897.62
207,2023-01-04 17:00:36,paid,3437.26
48,2023-08-21 06:57:02,delivered,2108.81
168,2024-10-15 13:01:56,pending,4344.71
410,2023-08-22 07:40:40,paid,4677.64
244,2024-09-16 01:08:05,delivered,2943.81
323,2024-09-24 14:28:47,cancelled,2659.81
261,2024-04-06 06:54:02,pending,4266.58
405,2023-08-12 15:55:21,pending,4223.62
345,2024-11-30 17:38:05,shipped,2050.16
299,2023-02-19 09:25:31,delivered,4138.6
290,2023-07-25 11:26:44,pending,4076.93
50,2023-05-02 15:14:34,pending,2164.15
391,2023-10-12 03:39:28,delivered,2622.91
138,2024-09-03 17:04:58,pending,2183.39
481,2023-06-30 00:32:57,cancelled,3960.43
388,2023-12-12 15:20:47,paid,3907.03
342,2024-04-03 00:33:37,delivered,4592.06
400,2024-06-14 02:05:47,shipped,1921.18
228,2024-10-22 19:39:55,pending,900.81
402,2024-12-09 05:10:20,cancelled,2143.33
260,2024-02-13 00:03:14,cancelled,2873.98
149,2023-02-22 18:31:41,delivered,2386.66
92,2023-02-15 16:25:42,delivered,907.58
441,2023-12-02 03:28:15,delivered,3496.21
59,2023-07-01 17:02:31,pending,3042.88
205,2023-05-08 04:55:15,paid,4660.21
231,2023-07-13 03:45:24,delivered,1653.92
31,2024-02-02 08:19:55,shipped,3261.26
427,2024-09-11 06:08:40,delivered,270.71
233,2024-03-12 20:51:54,delivered,464.85
469,2023-04-21 16:49:44,paid,4083.88
426,2023-01-12 20:51:42,cancelled,2410.26
2,2024-07-31 13:44:10,cancelled,1591.4
93,2024-01-21 19:28:55,paid,282.26
218,2024-05-17 18:56:17,paid,288.8
125,2023-02-03 04:22:31,delivered,1432.1
141,2023-12-28 18:58:29,paid,3186.79
142,2023-03-03 02:43:55,paid,1519.36
226,2023-08-28 05:04:30,pending,571.11
20,2023-01-28 12:47:14,shipped,1209.83
130,2023-03-18 18:07:40,pending,4610.37
329,2024-10-22 04:38:41,delivered,2876.86
15,2024-04-25 23:02:59,delivered,2706.4
10,2023-02-28 01:40:49,paid,3848.04
256,2023-05-28 20:53:25,shipped,269.35
352,2024-07-22 12:01:22,shipped,2418.82
500,2023-01-27 20:18:56,delivered,1622.24
139,2024-10-01 21:40:34,pending,1690.0
451,2023-07-22 16:50:23,paid,1384.69
272,2023-12-19 18:45:16,paid,830.62
445,2023-12-05 23:36:26,shipped,3693.35
37,2024-11-28 11:36:55,delivered,2180.62
485,2024-11-02 13:13:19,delivered,4305.76
316,2024-09-21 06:20:15,cancelled,1789.24
230,2023-11-26 02:00:37,paid,706.4
143,2024-12-06 12:20:21,paid,1301.61
315,2023-01-14 15:01:15,pending,2079.53
382,2023-02-13 01:44:45,shipped,2979.71
46,2024-06-10 09:07:44,cancelled,419.93
42,2023-07-18 04:00:47,shipped,2952.28
194,2023-02-26 11:47:57,paid,247.04
345,2023-04-17 00:16:38,delivered,160.27
26,2023-12-24 20:05:16,shipped,767.27
53,2024-11-01 13:26:19,shipped,3564.18
263,2024-04-14 06:54:09,paid,2049.43
115,2023-02-26 08:07:09,paid,76.29
369,2023-07-10 08:47:21,delivered,1324.13
460,2023-06-06 17:38:07,pending,3237.56
190,2024-11-07 19:36:05,cancelled,2119.52
311,2024-06-13 16:30:42,shipped,123.11
155,2023-10-22 17:57:45,shipped,3741.42
378,2024-08-26 02:18:21,cancelled,709.78
247,2024-11-26 08:07:00,shipped,857.01
252,2023-10-18 21:36:43,paid,1667.02
312,2023-02-26 22:35:42,shipped,138.6
429,2024-09-08 02:32:36,delivered,1380.07
350,2023-04-29 09:06:37,delivered,4690.08
390,2023-10-31 18:59:09,paid,2442.98
86,2023-11-02 22:30:22,delivered,3008.82
392,2023-11-19 23:26:15,delivered,4142.67
10,2023-11-23 00:26:57,delivered,1265.0
105,2024-11-05 16:34:21,paid,4536.67
173,2024-07-16 13:37:14,paid,3797.09
59,2023-06-19 12:59:00,cancelled,358.71
310,2023-08-06 01:34:51,delivered,862.97
397,2024-10-04 02:31:12,paid,2602.91
298,2024-01-11 08:21:09,delivered,1072.94
160,2023-12-23 12:16:06,cancelled,494.4
168,2023-12-03 00:17:11,cancelled,1093.71
94,2024-08-02 16:32:01,delivered,1555.79
309,2024-12-02 12:36:12,pending,3731.68
129,2023-04-22 23:12:44,cancelled,2166.0
106,2024-09-20 06:27:01,paid,3048.72
373,2024-04-14 22:45:23,paid,751.29
345,2024-11-03 14:07:35,cancelled,2283.87
270,2024-04-07 17:42:57,paid,1024.66
8,2024-02-23 08:22:37,shipped,4047.55
15,2023-03-29 06:24:44,cancelled,3981.67
140,2024-02-25 11:51:13,delivered,383.48
95,2023-10-28 20:08:42,delivered,4499.94
280,2024-04-04 01:41:56,pending,4746.18
406,2024-08-06 22:01:42,cancelled,3533.59
243,2024-09-22 15:46:51,cancelled,1272.58
380,2023-12-05 09:41:29,cancelled,2407.05
445,2024-11-16 20:28:55,pending,3576.96
302,2024-01-27 11:11:53,delivered,3293.47
278,2023-05-19 21:57:33,cancelled,1112.22
490,2023-04-13 00:13:02,pending,1138.24
371,2023-09-27 17:36:38,pending,3595.28
358,2024-03-08 07:50:30,pending,55.18
54,2024-01-03 02:52:19,pending,2959.45
387,2024-08-16 03:50:30,shipped,2756.12
484,2024-01-04 18:34:20,pending,24.69
33,2023-04-29 21:55:06,delivered,1000.66
98,2023-10-01 12:13:45,pending,2585.68
304,2023-05-02 23:29:38,shipped,744.15
139,2024-03-16 11:39:48,paid,3476.98
102,2023-09-19 08:37:00,delivered,1525.39
349,2023-03-26 08:30:18,paid,865.81
443,2024-09-28 09:27:57,paid,122.21
238,2024-07-21 20:51:54,paid,87.24
40,2023-09-25 06:01:28,cancelled,4302.16
406,2023-01-17 15:24:33,delivered,3843.57
315,2023-11-22 06:02:17,pending,4400.41
142,2023-04-26 07:08:46,shipped,558.61
39,2023-12-27 09:04:42,cancelled,2243.66
380,2024-10-22 21:29:25,shipped,2431.76
313,2024-06-05 11:58:05,delivered,4609.71
347,2024-05-12 12:59:55,pending,2142.46
195,2024-01-16 01:49:47,delivered,572.46
46,2024-03-12 15:20:34,shipped,2889.99
175,2024-04-18 08:31:10,cancelled,3773.69
352,2024-06-11 00:31:52,delivered,257.09
179,2024-11-28 05:59:00,cancelled,3144.92
125,2024-08-12 19:50:51,cancelled,307.13
499,2024-07-06 17:13:25,paid,236.4
342,2024-06-25 13:02:44,paid,148.47
237,2024-12-14 08:32:30,delivered,4030.76
380,2024-10-20 04:07:30,pending,2961.98
353,2023-05-11 14:42:38,shipped,1646.19
54,2024-09-05 02:12:14,delivered,4878.96
173,2023-07-17 06:45:15,delivered,3911.86
480,2024-02-08 23:55:02,shipped,3688.92
160,2023-04-01 13:00:34,pending,3623.52
382,2023-08-09 14:49:39,delivered,1962.13
82,2024-03-13 23:10:55,shipped,4041.64
389,2023-01-08 23:43:44,shipped,2110.06
245,2023-05-06 12:07:22,shipped,2006.78
446,2024-02-06 02:41:51,delivered,3379.89
174,2024-11-18 14:36:28,paid,3366.29
479,2023-09-23 13:47:56,cancelled,1512.09
74,2024-06-13 13:55:08,paid,2457.05
5,2024-03-22 00:31:58,delivered,1126.33
286,2023-11-20 15:08:48,cancelled,3425.77
213,2023-02-25 12:11:15,delivered,2424.8
471,2024-11-28 15:33:48,shipped,1874.99
497,2023-09-05 07:56:11,paid,2865.88
388,2024-10-20 13:25:07,cancelled,382.36
15,2024-12-18 18:31:41,pending,2288.42
388,2024-12-11 07:43:53,cancelled,1494.91
225,2023-09-14 07:07:20,cancelled,3912.19
167,2024-05-31 07:25:05,delivered,4026.73
259,2023-04-14 19:03:22,pending,191.61
434,2023-07-05 11:16:10,delivered,3035.73
153,2024-11-02 15:49:05,shipped,708.02
16,2023-12-22 02:04:44,delivered,598.52
461,2024-12-20 13:40:47,shipped,2798.38
448,2024-09-16 11:27:43,pending,1898.89
423,2024-08-14 17:52:19,pending,4050.81
86,2023-04-11 18:24:59,paid,3691.16
379,2024-08-07 09:02:58,delivered,3992.54
339,2024-11-09 17:34:53,pending,988.0
72,2023-03-29 02:57:24,paid,2060.4
64,2023-10-29 11:04:31,pending,4048.17
223,2024-12-08 09:20:34,shipped,4534.74
39,2023-08-22 20:20:45,paid,3765.19
37,2023-09-01 22:55:48,shipped,2031.35
451,2023-05-06 13:19:15,shipped,1627.34
358,2024-06-07 18:32:07,paid,4127.77
257,2023-04-26 21:49:53,paid,896.22
183,2024-04-13 22:10:38,delivered,3985.01
406,2023-11-18 19:15:01,shipped,2452.37
193,2024-08-07 18:06:20,delivered,2923.81
414,2023-11-03 12:28:40,paid,4183.8
345,2023-06-04 20:10:40,delivered,3443.65
7,2023-01-24 01:52:00,delivered,4771.95
18,2023-03-07 13:54:36,shipped,433.83
124,2023-12-26 10:48:00,pending,3162.11
82,2024-03-29 15:56:25,paid,898.03
171,2024-03-04 08:13:18,paid,1082.06
289,2024-05-06 08:42:01,cancelled,2775.59
10,2023-08-29 04:39:25,shipped,3165.89
469,2023-06-21 23:41:32,cancelled,389.57
432,2024-02-24 00:32:16,cancelled,4408.54
420,2024-05-08 06:55:22,paid,128.92
148,2023-10-12 02:32:11,cancelled,3359.44
151,2023-11-24 21:14:25,shipped,367.03
68,2024-10-15 13:17:03,delivered,2114.2
450,2024-12-23 10:19:05,pending,3249.3
478,2024-06-14 04:55:23,delivered,1140.95
261,2023-10-09 18:07:42,pending,2236.3
185,2024-08-05 01:56:58,shipped,916.07
455,2024-11-08 00:54:45,cancelled,1251.56
122,2023-02-10 21:32:31,cancelled,2647.27
433,2024-04-05 09:42:25,delivered,903.86
76,2023-11-06 00:25:14,cancelled,3503.47
8,2023-01-18 21:43:29,cancelled,4743.2
67,2023-08-10 06:35:12,cancelled,2641.83
113,2023-05-15 03:21:30,shipped,3210.59
187,2024-08-07 02:31:17,cancelled,1579.22
136,2023-12-15 07:26:57,paid,2499.99
422,2024-10-12 03:03:04,delivered,1912.47
463,2023-07-31 23:46:41,pending,3411.65
184,2024-09-17 00:35:49,shipped,2225.27
459,2024-10-29 11:35:45,pending,4035.75
344,2024-11-28 21:12:40,paid,1551.11
106,2023-10-01 03:14:06,paid,3912.54
128,2023-09-22 11:00:05,shipped,271.2
69,2023-09-28 07:42:13,shipped,3568.19
165,2023-10-29 20:22:45,delivered,3613.17
266,2024-11-26 01:18:41,pending,3353.84
408,2023-02-16 04:16:24,pending,2694.32
46,2024-06-26 08:11:32,cancelled,4677.57
368,2023-09-21 09:21:51,delivered,1339.58
202,2024-05-22 17:55:34,pending,4445.23
473,2024-03-01 10:00:54,paid,3301.04
156,2023-03-17 20:33:22,shipped,4270.81
77,2023-01-02 15:26:54,shipped,4835.69
79,2023-09-21 05:27:45,paid,4361.46
489,2024-08-25 04:34:51,shipped,2108.4
396,2024-02-19 21:21:54,delivered,4516.9
460,2024-01-31 23:52:44,paid,1387.5
26,2024-08-14 01:11:17,delivered,278.86
455,2023-05-22 20:33:53,shipped,4677.0
376,2024-08-11 06:12:08,pending,3509.96
69,2024-10-26 07:41:26,delivered,129.34
462,2023-10-16 20:31:08,pending,2411.92
450,2024-10-03 16:19:44,delivered,4161.91
113,2023-05-17 02:00:24,cancelled,2237.4
406,2023-03-24 10:41:55,delivered,1815.41
332,2024-08-30 04:26:15,delivered,305.99
423,2023-07-06 15:39:21,paid,4185.44
379,2024-06-23 08:34:36,paid,3351.61
147,2023-09-19 11:01:16,delivered,634.56
59,2023-11-30 00:21:48,cancelled,1074.98
313,2023-01-01 14:54:23,paid,4811.83
280,2024-12-08 00:58:32,shipped,1562.31
9,2023-12-02 20:34:39,pending,1831.44
266,2023-12-14 23:36:11,paid,4770.7
297,2024-02-01 09:19:33,delivered,313.01
264,2023-07-14 12:55:04,shipped,2929.82
466,2023-08-25 10:19:03,delivered,4442.94
32,2024-03-13 18:03:55,delivered,4097.26
462,2023-03-17 08:08:03,delivered,1226.9
367,2024-10-18 15:46:36,paid,946.38
474,2024-07-28 15:33:55,shipped,1923.09
234,2023-04-15 04:31:50,delivered,2284.91
303,2024-11-08 15:40:28,shipped,1473.51
45,2023-07-19 03:55:52,paid,4348.13
59,2024-05-02 07:36:24,paid,3625.07
355,2023-01-21 04:13:33,cancelled,623.08
451,2024-08-31 12:08:04,pending,3854.35
468,2024-04-09 20:57:36,cancelled,3139.42
438,2023-12-11 21:49:35,shipped,316.77
453,2024-01-04 22:33:56,shipped,2466.07
474,2023-10-14 18:22:06,delivered,4716.68
185,2023-08-20 08:23:11,pending,1814.91
61,2023-09-15 14:20:01,pending,154.64
332,2023-04-09 22:22:44,cancelled,4361.71
278,2024-04-30 07:30:15,cancelled,310.99
38,2024-09-06 09:08:32,paid,2091.18
91,2023-10-21 21:55:05,paid,3863.3
202,2024-07-30 05:01:07,paid,1572.96
249,2023-05-17 22:52:34,pending,4711.4
195,2024-10-13 04:15:23,cancelled,2152.45
397,2023-05-31 06:03:00,cancelled,4625.72
445,2023-07-23 16:51:43,pending,2594.64
354,2024-12-16 04:48:10,pending,2257.91
291,2024-02-13 22:38:12,delivered,3954.24
231,2024-11-24 00:04:44,delivered,2113.66
289,2023-08-12 19:20:33,paid,99.16
351,2023-06-04 19:01:18,pending,1805.33
135,2024-03-31 23:45:53,paid,2406.49
280,2023-06-26 17:26:36,shipped,4813.06
494,2023-10-14 00:52:44,paid,2271.77
472,2024-08-16 14:31:03,cancelled,1728.78
148,2024-01-07 00:37:18,cancelled,1145.26
249,2023-08-20 06:21:36,delivered,345.18
79,2024-10-13 13:34:44,pending,4304.01
11,2024-06-23 22:40:45,shipped,3124.7
454,2023-08-31 03:08:30,pending,733.09
326,2023-05-06 02:12:23,paid,3455.92
465,2024-07-10 19:13:52,delivered,4676.85
288,2024-10-30 13:49:21,shipped,4487.42
378,2024-10-10 16:39:08,paid,4787.2
275,2024-05-21 06:47:38,pending,4741.22
451,2023-08-27 13:14:53,paid,881.2
213,2023-02-17 13:23:56,cancelled,4730.27
386,2023-11-20 04:27:14,pending,4630.08
139,2023-06-20 08:45:42,delivered,356.33
69,2023-03-20 07:45:24,paid,4453.16
457,2023-12-22 18:29:15,delivered,3353.35
80,2023-05-23 01:32:45,paid,2362.26
355,2024-07-27 13:36:42,paid,3376.68
3,2024-05-14 21:34:48,pending,1703.8
269,2024-11-23 11:57:42,shipped,2659.05
175,2023-06-22 19:16:18,shipped,675.94
41,2023-03-04 20:28:43,delivered,3792.93
351,2024-11-05 20:39:45,pending,530.18
399,2024-10-18 13:51:06,shipped,3376.25
166,2024-09-17 22:05:54,shipped,2283.63
3,2024-12-25 01:25:57,paid,2012.98
42,2024-08-04 14:45:35,pending,74.04
423,2023-12-12 21:06:38,paid,3037.57
115,2024-10-24 02:34:13,shipped,4511.57
361,2024-02-11 01:10:30,pending,57.72
390,2024-05-14 12:57:29,delivered,2977.5
40,2023-09-17 06:25:38,cancelled,736.83
226,2024-04-07 11:21:08,delivered,1398.67
291,2023-11-24 00:54:48,shipped,4041.48
410,2023-09-30 19:11:41,delivered,720.86
159,2024-07-28 19:22:59,delivered,2896.11
111,2024-09-18 10:50:52,pending,2362.15
372,2023-01-15 17:47:55,paid,4239.68
491,2023-02-14 03:35:35,cancelled,1087.13
154,2024-03-23 11:39:19,delivered,108.32
300,2024-03-29 22:59:24,paid,3151.42
405,2023-07-05 12:06:54,delivered,1851.95
468,2024-05-15 07:40:13,paid,2520.56
135,2024-04-17 11:11:46,pending,3600.96
80,2023-10-05 17:31:26,cancelled,3052.88
441,2023-03-14 18:01:32,pending,2450.67
409,2023-07-28 21:44:42,pending,1636.25
196,2024-10-18 15:05:05,pending,3401.54
111,2023-03-17 01:00:52,pending,1677.81
113,2024-08-04 05:55:31,shipped,3311.44
94,2023-03-20 13:39:05,paid,3711.23
308,2023-10-31 01:23:32,delivered,3836.07
99,2023-07-20 14:54:29,paid,3568.58
62,2023-04-13 23:05:34,pending,746.3
325,2023-12-18 14:01:47,cancelled,4537.05
393,2024-05-13 15:10:08,paid,360.54
138,2024-09-02 20:22:43,pending,116.5
453,2024-05-08 04:05:38,cancelled,83.36
127,2024-09-29 07:09:41,delivered,204.73
91,2023-02-26 03:53:24,pending,1076.03
444,2024-06-29 08:48:49,paid,1152.97
477,2023-10-19 20:17:20,delivered,778.27
487,2024-09-05 07:38:08,pending,3730.64
193,2024-02-01 03:50:38,pending,3216.55
45,2023-06-09 05:05:01,shipped,1815.1
169,2023-03-03 06:12:57,shipped,3218.84
406,2023-04-04 05:00:52,delivered,4057.81
36,2023-12-10 08:17:33,paid,575.93
102,2023-02-11 19:27:37,delivered,4715.39
396,2024-10-06 17:20:31,pending,2890.14
364,2024-11-20 07:46:23,paid,2298.92
35,2024-12-11 02:02:08,delivered,4316.99
219,2024-09-23 10:15:01,paid,3092.78
136,2023-11-05 08:52:38,shipped,4865.94
313,2024-10-12 23:55:10,paid,2841.63
283,2024-04-10 16:10:34,paid,932.7
370,2024-06-16 20:17:18,delivered,1943.98
242,2024-09-16 01:59:54,paid,520.86
339,2024-10-06 04:14:35,shipped,474.01
371,2023-07-06 15:38:51,paid,4478.53
177,2024-10-21 12:11:57,cancelled,3569.25
130,2023-06-01 03:16:23,shipped,4376.63
90,2024-10-31 13:54:43,delivered,3880.59
103,2023-01-09 06:02:36,pending,1213.98
402,2024-07-04 05:14:46,shipped,445.35
432,2024-12-25 13:16:04,cancelled,3876.61
189,2024-02-20 21:34:00,cancelled,3703.4
146,2023-01-10 23:53:24,delivered,2205.44
98,2023-01-08 03:37:31,delivered,4640.91
333,2023-03-30 18:59:19,pending,1585.45
104,2024-09-01 05:47:14,delivered,2389.1
370,2024-10-27 18:07:18,delivered,1408.62
156,2023-05-16 07:55:07,pending,1947.64
75,2024-05-29 07:29:58,paid,4386.81
336,2024-12-04 01:52:51,paid,102.98
144,2023-06-04 01:28:02,pending,780.92
142,2024-02-04 06:46:51,pending,1505.8
218,2024-04-07 17:05:37,delivered,4049.91
267,2023-04-08 12:05:29,cancelled,599.58
68,2024-09-05 18:25:14,paid,2921.79
435,2024-07-01 05:46:12,delivered,687.93
151,2024-11-25 00:36:28,paid,751.38
111,2023-12-19 18:16:52,pending,421.89
116,2023-10-23 06:40:34,cancelled,4728.41
36,2024-08-21 10:31:21,cancelled,3708.68
423,2023-03-12 20:01:04,delivered,2934.92
124,2024-07-20 02:09:06,delivered,2878.7
459,2024-01-12 04:07:16,shipped,1473.29
209,2023-06-08 05:07:40,shipped,1141.41
243,2024-05-01 22:04:19,shipped,2055.97
79,2023-01-07 19:24:17,paid,2425.43
19,2023-08-04 15:08:43,cancelled,3828.35
441,2024-09-24 11:48:20,cancelled,2232.78
25,2024-12-04 08:32:01,cancelled,1310.02
188,2023-06-14 13:26:07,pending,4367.06
215,2023-07-02 11:28:00,delivered,3603.13
44,2024-03-07 17:19:30,paid,1019.74
193,2024-09-20 05:28:54,delivered,624.62
100,2023-09-24 22:45:17,paid,4784.17
167,2024-02-21 04:41:09,pending,2357.57
436,2023-06-25 15:43:00,shipped,2726.45
192,2023-11-16 11:06:15,delivered,4716.26
161,2024-12-24 05:32:03,shipped,1476.37
461,2023-12-19 19:56:41,shipped,3304.24
79,2024-01-26 13:24:51,paid,4991.96
254,2023-05-30 14:17:18,cancelled,4866.69
47,2024-11-29 06:06:44,paid,2933.77
418,2024-06-13 08:41:31,delivered,3190.89
40,2023-09-16 03:31:42,delivered,2436.91
355,2024-11-12 00:17:53,shipped,180.18
419,2023-01-22 17:07:23,shipped,1305.66
268,2023-02-14 19:27:41,pending,2346.61
20,2024-12-16 06:59:55,delivered,1128.4
228,2023-09-06 13:49:11,cancelled,4420.56
49,2023-08-19 22:17:26,cancelled,4258.97
38,2024-03-12 01:49:48,shipped,196.65
429,2023-01-01 16:19:56,cancelled,3949.6
269,2023-09-07 10:22:39,pending,81.35
476,2024-08-31 15:33:14,cancelled,1238.66
33,2023-11-12 09:10:40,delivered,3296.04
168,2023-11-12 12:28:41,shipped,313.31
460,2023-07-23 02:12:53,cancelled,1289.06
407,2023-08-23 22:17:07,delivered,1603.94
279,2024-01-23 04:45:40,delivered,1908.12
129,2023-08-26 16:12:05,paid,1951.75
244,2023-12-17 07:18:19,shipped,1478.2
290,2023-02-04 05:27:18,pending,383.67
133,2023-07-26 09:06:36,shipped,2193.49
415,2023-12-12 11:06:01,paid,1199.05
366,2023-04-11 03:03:53,shipped,1870.76
313,2024-08-20 11:11:25,pending,4926.65
499,2023-06-12 08:31:08,shipped,289.08
4,2024-01-30 01:30:04,pending,2505.64
429,2023-02-23 18:53:14,pending,3337.3
39,2024-03-20 21:44:50,pending,4470.99
19,2023-07-06 21:43:41,delivered,358.38
82,2024-01-21 13:04:23,cancelled,613.88
276,2023-10-29 08:49:28,cancelled,1278.79
113,2023-10-26 23:32:52,cancelled,894.22
50,2023-01-28 00:00:06,delivered,511.33
483,2024-11-14 10:29:51,delivered,1049.95
378,2023-02-02 11:41:31,delivered,2767.23
278,2024-11-04 15:45:10,shipped,422.43
255,2023-04-23 01:03:15,cancelled,2849.28
76,2023-10-08 21:20:33,cancelled,2724.54
21,2023-03-07 13:28:05,pending,533.6
235,2024-12-21 10:54:30,delivered,1565.36
117,2024-10-17 06:31:32,delivered,286.22
471,2023-12-02 18:35:07,cancelled,369.94
396,2023-08-04 08:06:26,shipped,1534.71
453,2024-12-15 04:19:48,pending,209.99
242,2024-11-06 19:23:33,delivered,1166.7
411,2024-11-21 21:14:27,delivered,4094.06
200,2024-12-29 20:49:16,cancelled,2060.95
273,2023-06-28 02:52:21,cancelled,781.75
314,2024-10-22 02:56:47,shipped,3001.54
468,2023-05-15 02:21:01,paid,1455.33
187,2023-04-12 15:43:44,cancelled,2453.8
468,2024-05-13 23:09:21,shipped,3274.77
317,2024-10-31 11:25:51,shipped,1756.07
211,2023-04-04 04:09:35,pending,4102.6
382,2023-02-06 21:00:32,cancelled,4697.21
208,2023-09-03 14:46:41,shipped,1247.13
132,2024-05-23 23:09:57,paid,3574.53
203,2023-10-04 18:35:50,pending,2787.88
460,2023-04-18 17:18:46,delivered,2643.42
432,2023-05-16 17:54:43,shipped,2071.86
342,2023-01-19 21:11:32,paid,2842.85
216,2024-05-28 08:21:38,shipped,194.8
446,2024-08-13 13:17:41,cancelled,3482.86
348,2024-07-12 00:59:42,delivered,3901.05
105,2023-07-08 04:01:13,pending,1577.45
278,2024-03-12 02:03:00,delivered,1672.92
128,2024-06-03 10:56:37,shipped,3756.82
483,2024-05-21 18:55:32,paid,2501.33
200,2023-05-20 16:05:09,cancelled,2137.32
362,2024-03-05 03:44:45,cancelled,1088.68
331,2024-11-21 04:22:56,cancelled,2676.18
273,2023-10-31 22:04:07,cancelled,1890.42
19,2023-07-16 09:40:49,paid,84.05
84,2023-09-28 09:41:50,paid,2661.7
326,2023-05-12 02:02:49,paid,3824.13
199,2023-08-24 19:14:31,shipped,43.13
36,2024-12-03 23:15:59,cancelled,523.22
150,2024-08-25 16:14:39,delivered,3734.03
451,2023-07-29 06:05:54,paid,3787.33
165,2024-09-01 05:28:11,cancelled,3289.65
53,2023-08-31 02:05:51,cancelled,2468.26
207,2024-11-01 19:47:11,paid,2112.32
265,2023-04-28 13:54:16,cancelled,3400.8
97,2024-03-05 16:12:30,cancelled,634.87
281,2023-10-26 06:15:00,delivered,536.41
269,2024-11-28 02:46:28,cancelled,3862.17
374,2023-03-12 11:18:41,paid,2220.74
465,2023-04-14 10:39:12,cancelled,126.92
355,2024-01-06 14:34:01,cancelled,1532.85
477,2023-07-10 17:57:35,delivered,1715.31
176,2024-05-08 17:24:57,pending,1159.96
91,2024-09-16 22:28:39,delivered,1387.81
244,2023-11-12 03:16:20,paid,3257.02
296,2023-04-06 12:59:00,delivered,1213.39
318,2023-10-03 13:18:48,shipped,1586.63
386,2024-06-20 15:56:33,cancelled,2159.93
370,2024-12-02 04:01:29,delivered,2070.91
227,2023-01-04 11:49:40,pending,1380.94
276,2023-11-26 15:34:18,delivered,1710.85
497,2024-02-23 05:59:38,pending,3836.74
348,2023-12-02 16:47:30,cancelled,965.03
216,2023-10-16 13:42:53,cancelled,3315.14
157,2023-06-21 12:05:29,cancelled,4628.66
