"order_item_id";"order_id";"product_id";"quantity";"unit_price"
1;130;141;1;1526.43
2;96;192;2;1379.49
3;150;47;2;657.88
4;386;159;1;1583.45
5;953;79;3;1414.67
6;588;46;3;513.51
7;459;157;4;597.36
8;335;196;2;1127.16
9;423;18;5;208.1
10;665;189;3;1031.11
11;908;145;2;904.28
12;450;72;2;1133.68
13;365;132;1;1872.23
14;83;81;1;249.41
15;164;141;3;230.45
16;479;18;1;1323.11
17;177;193;5;481.87
18;67;94;1;1704.0
19;964;65;5;1742.34
20;593;140;3;917.85
21;719;107;4;1783.06
22;918;66;5;1511.1
23;747;26;4;1602.25
24;849;139;1;1553.9
25;431;177;4;612.66
26;231;133;3;1101.41
27;880;96;1;1716.62
28;126;85;4;1229.65
29;183;46;2;1856.15
30;924;4;1;1686.12
31;454;96;5;862.39
32;141;100;2;520.19
33;77;103;4;1918.08
34;800;11;5;185.2
35;123;5;4;1285.37
36;818;10;1;941.26
37;676;31;2;1568.82
38;641;15;5;1720.61
39;248;103;3;400.72
40;188;187;1;1789.66
41;986;188;1;1145.76
42;792;61;1;1855.96
43;956;73;2;1754.57
44;693;69;2;749.83
45;359;126;3;488.29
46;425;111;5;712.47
47;27;87;5;1536.26
48;141;21;3;1471.16
49;633;108;3;1773.34
50;92;36;2;1805.76
51;36;134;1;1742.99
52;197;76;5;42.82
53;68;96;5;936.91
54;815;175;5;612.31
55;99;96;4;1631.27
56;596;158;3;297.24
57;952;196;1;442.26
58;150;75;1;567.02
59;201;33;1;266.98
60;450;68;1;1572.89
61;549;190;4;48.38
62;97;49;3;1755.15
63;875;115;2;649.75
64;422;5;1;1252.76
65;629;141;4;39.91
66;994;169;5;949.01
67;975;27;5;948.17
68;203;101;4;1078.13
69;765;147;5;1322.17
70;239;37;4;1082.83
71;383;192;1;1760.58
72;301;182;2;1891.49
73;167;135;5;410.27
74;49;81;5;168.67
75;173;30;2;459.53
76;435;153;2;1705.54
77;666;101;1;911.39
78;358;61;2;62.56
79;1000;18;2;470.07
80;683;130;4;770.79
81;299;150;3;569.32
82;316;69;4;1446.2
83;59;120;4;1354.13
84;159;21;4;1147.77
85;297;119;4;1640.58
86;78;38;1;1307.47
87;134;148;2;721.89
88;5;52;5;16.61
89;704;190;2;623.65
90;271;125;3;213.11
91;164;18;1;418.12
92;509;125;2;1518.27
93;717;49;3;107.82
94;230;145;4;1781.54
95;545;120;4;323.92
96;633;102;4;940.07
97;447;94;1;1685.11
98;128;171;4;515.6
99;115;153;2;382.28
100;102;95;4;956.41
101;855;65;2;1187.11
102;794;190;5;517.29
103;12;161;4;965.16
104;94;139;1;1125.83
105;944;82;1;662.4
106;716;94;1;669.19
107;838;72;1;265.18
108;971;141;5;1539.58
109;781;105;5;268.21
110;181;187;2;1641.75
111;451;34;4;1162.36
112;975;145;2;735.43
113;438;79;3;787.09
114;659;123;2;957.91
115;881;49;3;170.81
116;114;8;2;1178.81
117;685;156;1;89.28
118;281;133;2;837.9
119;320;108;4;1675.2
120;441;171;4;1985.89
121;563;120;5;1905.22
122;484;195;4;1718.43
123;60;103;5;208.73
124;727;114;5;1837.72
125;426;70;3;1263.25
126;365;180;5;345.14
127;273;78;4;558.37
128;525;173;5;1510.26
129;22;23;3;752.43
130;37;59;3;1136.97
131;802;195;3;1496.62
132;287;185;4;227.75
133;828;103;2;923.13
134;747;104;5;422.88
135;386;187;5;770.49
136;859;97;3;825.86
137;824;99;1;1740.8
138;226;80;1;731.65
139;158;36;4;1207.16
140;172;4;5;237.61
141;56;77;2;219.83
142;238;168;3;368.88
143;676;184;1;1824.37
144;931;168;2;1564.61
145;131;11;1;1371.12
146;934;60;4;1373.47
147;510;20;4;1172.42
148;274;22;1;989.39
149;175;11;3;638.41
150;183;85;5;1598.93
151;433;145;3;1665.37
152;540;36;3;651.43
153;63;182;1;149.0
154;797;112;1;1536.14
155;423;164;4;1336.11
156;242;4;3;1250.73
157;200;178;4;335.75
158;984;152;3;220.93
159;529;7;1;857.76
160;361;126;4;437.47
161;639;78;3;1693.1
162;989;94;2;981.61
163;911;51;2;1005.92
164;877;170;5;1241.04
165;726;106;2;1441.04
166;498;151;2;1533.49
167;524;132;4;620.15
168;158;118;4;440.3
169;402;85;5;296.41
170;508;22;4;1631.77
171;199;126;2;1139.06
172;540;20;3;1207.57
173;958;7;2;1016.01
174;437;78;3;669.88
175;777;147;2;587.15
176;592;170;3;287.55
177;276;189;1;1844.43
178;270;108;2;1077.51
179;85;132;5;738.55
180;645;51;3;1275.09
181;819;148;4;1640.15
182;44;177;3;1725.43
183;91;138;3;1905.76
184;749;134;4;1316.51
185;757;63;4;981.23
186;626;15;2;1478.25
187;407;28;3;1278.12
188;733;67;4;738.4
189;277;46;3;103.29
190;353;9;3;40.85
191;1000;129;3;616.22
192;867;33;2;1855.53
193;338;4;5;118.68
194;448;58;5;1026.38
195;481;41;5;1842.6
196;444;186;1;356.94
197;312;39;3;403.19
198;164;132;5;239.93
199;424;75;4;598.46
200;41;167;4;127.42
201;604;195;4;1367.65
202;979;171;5;410.34
203;223;175;4;280.43
204;531;67;3;980.31
205;256;155;3;1761.45
206;419;161;2;183.24
207;975;114;4;1897.38
208;494;81;1;841.68
209;51;99;2;474.96
210;935;36;5;969.19
211;51;50;5;574.66
212;439;39;3;365.95
213;880;129;5;457.94
214;125;38;1;1797.41
215;682;165;3;1217.24
216;451;116;5;1228.28
217;641;103;5;832.53
218;741;164;4;1129.7
219;310;26;2;736.12
220;884;172;2;544.03
221;875;112;2;374.75
222;321;174;3;1513.58
223;666;168;1;408.78
224;162;171;3;538.18
225;455;185;5;49.96
226;615;12;5;307.2
227;219;180;3;938.97
228;39;79;4;556.12
229;252;35;3;1782.32
230;803;64;5;1281.48
231;462;95;5;476.69
232;700;39;4;1587.97
233;219;94;5;238.48
234;593;39;4;21.26
235;162;115;4;1182.11
236;471;56;2;856.83
237;923;93;5;989.08
238;450;112;4;1920.29
239;171;143;1;1877.68
240;141;63;2;1773.38
241;174;99;5;762.21
242;43;175;3;982.32
243;112;11;1;1957.5
244;819;195;4;243.74
245;379;116;1;704.0
246;936;46;2;819.15
247;85;54;4;249.97
248;710;55;5;1800.16
249;948;103;2;1464.67
250;80;122;3;1486.28
251;766;47;5;1415.44
252;484;184;2;1241.96
253;741;86;1;806.86
254;718;135;4;488.07
255;833;133;5;1701.01
256;952;140;2;1038.05
257;883;160;3;1817.41
258;509;76;3;220.18
259;491;82;2;1752.32
260;283;54;1;1873.14
261;430;41;5;655.97
262;881;136;2;253.46
263;371;70;2;355.64
264;29;185;2;260.62
265;601;153;2;1772.03
266;454;182;3;865.88
267;72;9;4;797.84
268;948;72;3;1728.53
269;671;186;2;1501.42
270;677;89;5;789.58
271;592;40;4;1318.45
272;639;48;4;24.46
273;918;175;2;907.44
274;969;200;2;917.34
275;173;117;4;1284.26
276;181;99;5;1700.14
277;282;101;5;1763.2
278;706;35;2;1144.78
279;485;64;5;1399.53
280;903;164;1;1387.78
281;290;117;1;797.18
282;585;30;1;1443.36
283;717;104;1;1591.46
284;472;62;5;978.31
285;519;89;3;1672.03
286;724;146;2;1703.68
287;930;10;3;1517.99
288;426;175;2;1811.59
289;83;121;5;156.14
290;530;16;1;1976.59
291;37;182;1;625.37
292;876;138;1;1175.2
293;438;1;1;1256.83
294;726;171;1;722.7
295;957;9;1;1651.78
296;265;57;5;980.55
297;719;121;1;1927.94
298;393;56;1;263.93
299;784;193;3;1872.83
300;557;185;3;510.51
301;838;127;1;981.78
302;788;5;1;1201.1
303;897;71;3;722.62
304;910;112;4;1603.03
305;68;114;1;1181.17
306;302;69;4;1066.08
307;296;191;5;952.58
308;373;164;2;1635.71
309;794;175;1;1599.4
310;104;52;2;872.12
311;860;177;1;1950.39
312;269;90;3;293.24
313;360;193;3;727.99
314;755;194;1;1593.48
315;756;64;5;1082.09
316;491;116;5;1771.47
317;600;109;4;1352.53
318;517;122;4;345.6
319;241;76;1;1201.87
320;94;135;4;236.46
321;211;140;2;307.4
322;18;78;2;469.24
323;560;152;4;673.73
324;69;109;4;706.22
325;88;45;5;108.27
326;122;181;3;1357.39
327;891;113;3;1820.47
328;206;125;3;836.69
329;251;39;1;213.68
330;636;102;2;169.86
331;699;178;3;1824.75
332;94;71;3;1154.67
333;13;42;2;1035.73
334;31;59;1;1742.04
335;475;44;3;1271.36
336;586;149;1;1463.41
337;853;43;1;1248.02
338;139;22;1;499.68
339;849;2;4;879.2
340;954;167;2;166.18
341;189;14;2;1511.25
342;878;154;2;996.07
343;891;17;2;510.67
344;638;106;2;37.08
345;42;15;5;862.79
346;656;145;3;1836.34
347;786;5;4;1168.23
348;502;168;4;1889.58
349;823;69;3;1793.03
350;671;80;3;1235.68
351;911;132;1;619.99
352;562;86;2;152.58
353;688;76;5;1933.31
354;647;18;3;695.7
355;770;8;3;1600.56
356;394;36;2;1028.3
357;107;44;4;1903.27
358;881;168;1;1754.28
359;543;115;5;369.52
360;171;148;2;1929.67
361;329;45;4;1082.21
362;666;83;2;361.38
363;295;24;4;1938.33
364;105;47;1;160.12
365;659;154;2;1430.26
366;134;147;4;115.3
367;174;16;4;795.25
368;806;99;1;476.35
369;864;176;5;1730.07
370;148;132;4;678.98
371;553;179;1;1634.51
372;745;93;2;825.47
373;935;86;3;1488.46
374;183;155;2;315.82
375;954;195;5;1241.54
376;301;197;3;419.27
377;105;180;2;1809.87
378;719;168;2;607.32
379;497;87;2;1203.39
380;329;13;1;101.68
381;682;77;4;1497.0
382;861;124;3;1445.09
383;211;51;4;1007.75
384;340;46;4;468.7
385;619;183;3;1685.08
386;1000;118;2;633.82
387;75;131;1;681.13
388;942;84;1;1591.3
389;784;134;2;1117.46
390;719;177;3;1434.28
391;889;118;1;497.03
392;657;193;4;1942.93
393;788;36;5;1455.43
394;300;55;2;1898.15
395;276;60;4;1675.75
396;943;96;1;121.75
397;253;170;4;706.07
398;27;65;1;1685.14
399;629;38;4;39.59
400;692;65;2;396.39
401;717;117;3;1136.68
402;125;20;1;97.08
403;303;43;3;366.12
404;160;113;5;1098.07
405;685;114;5;1448.01
406;28;10;2;1144.99
407;360;3;3;134.2
408;828;79;1;282.29
409;273;56;5;749.16
410;904;177;3;206.26
411;770;66;1;842.01
412;85;61;2;1249.6
413;850;119;4;1611.89
414;239;133;1;121.48
415;261;198;5;458.67
416;794;111;4;737.93
417;42;109;5;907.77
418;960;132;4;1466.14
419;236;177;2;937.52
420;437;189;2;594.52
421;475;145;5;1670.3
422;202;138;3;318.38
423;140;132;1;1990.15
424;774;101;2;884.15
425;303;85;3;528.37
426;407;190;5;743.73
427;179;69;4;131.71
428;996;172;1;704.07
429;654;8;2;474.76
430;611;43;3;1313.09
431;887;156;5;1220.92
432;845;176;2;403.43
433;744;20;5;1400.47
434;34;116;3;1560.11
435;86;16;3;70.48
436;750;94;4;1416.06
437;475;115;1;1843.32
438;854;179;3;1913.83
439;149;86;4;1969.8
440;345;75;4;471.28
441;239;42;3;879.15
442;453;193;4;81.23
443;992;159;1;84.5
444;911;11;2;351.87
445;876;32;2;1813.19
446;39;177;1;945.95
447;440;30;2;968.87
448;95;24;3;777.57
449;151;161;5;1113.08
450;600;49;2;1694.98
451;881;151;2;744.93
452;280;192;5;597.48
453;929;103;3;1837.12
454;1000;124;4;1399.19
455;661;67;3;183.47
456;992;93;4;1822.35
457;738;92;5;1142.76
458;462;167;1;534.22
459;2;109;1;764.4
460;58;4;4;1262.21
461;850;148;4;1146.89
462;669;13;3;416.74
463;439;175;4;1105.3
464;707;198;2;221.8
465;895;143;5;1666.44
466;825;113;2;901.27
467;114;20;2;623.55
468;532;119;4;468.3
469;895;161;2;1269.04
470;398;94;3;345.4
471;602;115;4;1875.38
472;38;179;5;1333.22
473;41;200;4;1693.11
474;521;163;3;237.42
475;11;128;5;1009.03
476;732;165;2;586.49
477;554;27;5;698.7
478;996;48;5;1574.45
479;429;61;3;1742.58
480;286;143;2;673.39
481;605;90;5;71.36
482;598;89;2;1997.26
483;978;199;1;1769.51
484;708;2;3;1588.06
485;72;4;3;1305.13
486;956;48;4;1283.07
487;675;84;2;686.48
488;8;17;5;1189.05
489;648;190;2;499.72
490;204;6;4;69.39
491;287;9;3;1820.26
492;187;79;1;141.0
493;381;38;4;1698.81
494;386;186;2;1749.45
495;279;94;2;885.9
496;534;37;3;68.46
497;808;64;2;78.87
498;852;188;1;1563.66
499;635;190;5;586.08
500;357;170;2;1281.26
501;737;87;1;1859.24
502;394;67;3;882.8
503;438;146;2;1808.37
504;710;11;3;1833.9
505;435;9;1;175.74
506;165;149;3;870.26
507;983;138;1;473.41
508;672;18;1;634.66
509;12;141;4;316.52
510;674;137;3;1766.86
511;761;45;3;171.6
512;75;70;3;263.07
513;575;178;5;662.18
514;352;157;2;1857.76
515;728;169;3;1729.62
516;134;58;5;182.61
517;270;159;2;824.3
518;542;175;4;813.21
519;424;103;2;1424.93
520;672;26;2;1544.8
521;147;154;3;1459.27
522;88;98;5;708.8
523;555;114;2;1367.55
524;173;127;4;85.77
525;268;24;5;126.41
526;123;107;3;799.76
527;986;118;2;216.09
528;484;153;3;1935.4
529;602;97;4;281.37
530;189;32;5;246.19
531;955;92;2;1051.33
532;596;146;2;534.46
533;603;12;2;782.23
534;400;23;3;388.25
535;560;86;5;72.21
536;118;62;5;825.66
537;858;65;2;1911.56
538;770;9;4;113.57
539;298;139;5;348.96
540;139;27;5;676.34
541;968;78;4;552.2
542;70;116;5;854.44
543;76;98;1;684.8
544;645;179;2;1297.96
545;486;173;2;62.78
546;721;101;2;1478.06
547;769;81;3;707.75
548;361;87;5;1955.6
549;957;117;5;1182.78
550;169;94;4;1415.71
551;3;19;1;1162.99
552;463;127;2;1173.76
553;70;168;4;421.19
554;925;79;5;64.09
555;269;197;1;822.72
556;326;38;1;806.82
557;103;31;2;389.96
558;472;18;3;924.15
559;20;51;1;1109.33
560;214;136;4;703.31
561;38;10;5;610.59
562;819;1;5;471.8
563;321;152;3;81.76
564;118;176;4;1299.53
565;231;18;2;1517.53
566;195;182;1;689.61
567;413;142;3;289.32
568;389;8;1;847.87
569;212;134;3;436.03
570;868;166;4;186.95
571;853;89;2;885.64
572;195;176;3;1840.46
573;906;174;3;1838.68
574;874;97;2;134.86
575;640;141;2;646.77
576;558;106;1;452.05
577;81;32;3;456.87
578;144;183;5;1486.0
579;994;75;3;551.81
580;496;184;3;1457.14
581;644;27;2;578.2
582;988;93;3;1209.96
583;620;194;2;1449.1
584;901;70;4;30.72
585;537;151;5;1835.16
586;792;7;3;1803.36
587;944;168;2;380.85
588;79;12;2;847.06
589;630;117;5;1891.85
590;874;159;2;146.85
591;98;30;5;1960.2
592;110;100;2;403.96
593;149;1;1;1637.64
594;948;66;4;1795.42
595;661;163;5;1963.23
596;638;159;5;1532.14
597;468;163;5;1253.24
598;6;33;2;1171.93
599;802;134;2;201.14
600;925;155;5;99.13
601;903;26;5;1858.74
602;747;160;5;178.88
603;240;19;5;170.17
604;227;165;3;905.44
605;228;140;1;1642.42
606;8;85;5;95.95
607;51;142;2;1073.92
608;356;120;4;205.78
609;754;73;4;1993.82
610;731;151;5;1000.05
611;596;63;2;1502.57
612;937;132;1;1397.6
613;1000;192;1;530.91
614;627;41;5;381.35
615;100;166;2;1404.81
616;764;19;2;133.98
617;249;184;3;1221.44
618;7;20;4;64.28
619;458;194;3;546.57
620;238;169;4;1300.04
621;867;38;3;1381.13
622;148;171;4;1366.03
623;493;101;2;1727.33
624;503;92;5;128.95
625;594;188;4;1509.39
626;321;13;4;808.33
627;208;125;4;1814.98
628;458;199;3;469.85
629;474;56;2;1911.5
630;698;50;3;886.76
631;409;110;2;1241.3
632;157;146;3;1479.99
633;753;187;4;509.5
634;689;128;1;941.45
635;797;116;4;524.73
636;685;34;5;848.38
637;90;95;4;1534.1
638;463;148;5;1484.46
639;251;38;1;1337.91
640;971;143;5;217.06
641;185;115;3;362.29
642;99;183;1;412.37
643;372;123;2;1355.52
644;109;189;1;1018.85
645;657;36;2;885.98
646;401;144;5;495.22
647;511;100;5;1497.02
648;938;3;3;463.54
649;845;24;1;1918.42
650;635;150;1;1899.62
651;27;186;5;1819.06
652;407;28;3;1010.7
653;727;144;1;1592.04
654;972;76;2;412.73
655;415;29;4;1356.18
656;853;178;2;1458.14
657;601;39;3;230.5
658;194;110;5;431.82
659;367;108;2;1110.62
660;847;88;1;829.45
661;532;130;4;1217.59
662;971;91;4;899.98
663;310;173;3;899.45
664;879;179;3;272.21
665;551;31;5;718.36
666;756;175;4;1243.69
667;968;32;2;376.12
668;499;115;5;1802.18
669;83;119;5;279.23
670;676;12;3;846.44
671;171;65;4;920.76
672;701;81;5;143.81
673;749;108;4;831.2
674;2;59;2;716.47
675;984;194;2;1271.8
676;442;82;5;700.72
677;79;121;3;1759.13
678;922;158;1;412.35
679;142;76;3;374.97
680;943;14;1;937.9
681;274;124;5;1957.94
682;472;39;5;813.35
683;644;83;5;1270.82
684;795;79;4;1049.53
685;307;45;3;988.11
686;589;191;5;523.81
687;945;125;4;1701.97
688;528;88;5;183.25
689;455;19;1;709.4
690;569;7;3;956.32
691;7;41;3;1016.83
692;680;14;1;1632.14
693;442;89;3;362.53
694;604;87;1;1949.27
695;3;90;3;399.66
696;661;83;2;1989.1
697;824;117;5;943.44
698;49;186;4;523.49
699;309;127;4;83.8
700;682;12;3;1717.71
701;617;130;1;1720.29
702;742;133;5;1188.12
703;804;12;4;1839.75
704;723;17;5;699.68
705;164;65;1;1779.6
706;513;96;2;601.19
707;209;3;1;774.51
708;74;82;3;1064.69
709;992;153;2;1318.22
710;939;182;1;1802.07
711;917;98;4;170.37
712;63;11;3;567.73
713;919;148;3;673.93
714;140;83;5;870.8
715;537;154;2;1924.19
716;306;142;1;297.19
717;197;171;5;1778.87
718;66;80;4;219.84
719;262;60;3;1373.37
720;951;112;3;987.15
721;835;21;1;1881.96
722;393;44;5;49.78
723;209;31;5;112.47
724;748;30;4;1112.59
725;732;105;5;141.52
726;386;36;5;137.4
727;685;188;1;1052.24
728;811;24;3;876.01
729;178;92;2;741.05
730;690;121;2;1839.63
731;563;1;4;1320.2
732;668;133;5;382.51
733;908;39;4;550.16
734;256;191;2;148.33
735;247;110;5;1482.89
736;351;78;3;251.07
737;966;11;1;544.32
738;534;108;1;461.47
739;422;76;2;310.07
740;415;10;4;908.61
741;716;3;1;1310.92
742;815;11;4;359.43
743;672;77;1;1022.16
744;247;35;4;1895.4
745;19;103;4;1495.74
746;625;29;1;1581.15
747;384;173;3;1126.88
748;830;163;1;1349.99
749;372;43;2;539.1
750;657;146;4;115.34
751;389;65;3;1219.86
752;229;116;4;1960.07
753;698;195;4;1232.74
754;644;121;2;1411.99
755;654;93;4;1852.25
756;536;135;5;1254.13
757;661;136;5;872.82
758;828;181;4;1584.16
759;623;110;4;373.44
760;5;182;4;841.19
761;308;144;3;1470.1
762;422;121;1;1586.92
763;183;87;1;1012.15
764;908;69;1;303.34
765;476;43;1;524.68
766;468;58;3;1839.99
767;653;13;1;1652.05
768;397;4;3;326.16
769;581;138;1;190.65
770;724;45;4;933.6
771;832;81;4;1297.93
772;681;199;3;195.2
773;908;53;2;780.77
774;482;29;3;185.46
775;963;91;2;848.61
776;777;166;3;1077.2
777;482;74;1;720.02
778;492;122;4;1933.33
779;571;93;1;13.64
780;376;10;1;1718.11
781;709;182;1;1010.48
782;355;65;4;1997.22
783;917;178;5;1233.2
784;82;175;3;1694.6
785;829;79;1;1573.08
786;11;75;2;1409.44
787;267;105;4;1587.59
788;480;46;1;193.89
789;811;44;1;444.82
790;812;76;4;1523.92
791;877;192;3;1939.07
792;248;35;1;1521.11
793;292;53;1;1110.24
794;879;98;4;1352.18
795;140;84;3;1264.67
796;533;15;3;928.06
797;185;44;1;1525.4
798;957;35;3;736.35
799;246;97;2;1638.22
800;282;153;2;1076.4
801;836;75;1;372.68
802;282;139;2;1459.94
803;766;43;4;1420.28
804;694;195;5;1471.26
805;269;54;2;1864.19
806;691;15;2;446.98
807;454;90;5;140.53
808;812;104;4;531.56
809;189;99;3;102.11
810;655;181;2;224.36
811;524;129;1;404.47
812;781;81;4;1497.82
813;248;9;1;398.79
814;47;65;3;1032.32
815;186;157;3;960.26
816;26;155;2;59.44
817;603;70;1;1792.03
818;537;164;2;1232.88
819;298;29;5;818.65
820;723;148;4;390.6
821;487;33;1;1168.46
822;746;149;2;169.48
823;374;22;4;351.89
824;439;119;1;1230.61
825;353;23;3;1269.38
826;845;172;1;1069.33
827;31;189;4;1992.92
828;51;170;5;853.54
829;642;40;3;566.34
830;173;150;3;1857.34
831;54;81;4;416.05
832;909;77;5;1708.38
833;352;148;4;1059.65
834;124;160;3;795.84
835;727;184;4;1333.22
836;806;137;5;67.6
837;215;27;2;460.86
838;523;200;3;813.71
839;741;100;3;37.71
840;216;132;3;1841.39
841;689;55;2;228.04
842;921;105;4;1318.29
843;792;151;3;1610.58
844;48;65;2;1112.74
845;100;37;1;431.05
846;638;192;1;398.28
847;505;44;2;606.15
848;245;55;3;1499.55
849;965;61;3;104.85
850;757;174;5;294.58
851;858;131;2;589.07
852;565;200;2;1554.3
853;780;194;2;181.8
854;836;137;5;279.51
855;751;130;4;726.98
856;691;133;2;44.39
857;441;160;2;1976.68
858;107;14;5;1675.75
859;854;119;5;145.98
860;678;144;2;1380.43
861;684;69;3;1378.39
862;520;182;1;162.96
863;30;162;3;641.7
864;195;142;2;687.15
865;228;100;1;216.54
866;730;93;4;1240.66
867;359;138;4;1897.1
868;252;80;5;668.7
869;648;199;5;741.97
870;21;155;4;1463.93
871;254;69;4;651.72
872;480;21;5;1743.1
873;753;126;1;728.12
874;678;71;4;782.51
875;915;26;5;1095.19
876;438;104;5;949.65
877;607;44;1;1676.12
878;97;137;3;849.82
879;91;38;1;437.89
880;6;11;5;1902.37
881;381;177;5;1667.44
882;793;101;5;153.93
883;44;122;3;1543.08
884;660;38;4;694.03
885;716;128;3;1838.01
886;320;20;1;1290.05
887;104;11;2;1549.73
888;838;192;1;352.57
889;704;164;2;1292.68
890;414;23;3;1097.41
891;703;105;2;756.87
892;577;75;1;1134.2
893;794;9;2;1944.91
894;254;7;3;1668.97
895;243;55;3;1653.86
896;75;134;1;1147.97
897;368;191;3;1447.65
898;826;199;4;253.55
899;421;48;3;79.36
900;244;43;1;1072.71
901;966;77;5;246.33
902;772;142;4;903.64
903;324;139;2;592.98
904;927;132;1;1508.27
905;289;169;2;1834.28
906;810;58;1;1202.88
907;919;186;3;1015.83
908;473;4;4;315.96
909;740;90;4;515.45
910;931;143;2;1781.86
911;678;45;1;1584.12
912;439;59;5;1765.14
913;641;142;1;791.85
914;675;84;4;1039.23
915;22;58;3;280.97
916;33;23;3;53.06
917;482;188;1;731.74
918;51;124;1;749.25
919;734;59;1;1259.92
920;52;24;1;869.28
921;351;123;1;1564.45
922;486;34;1;361.32
923;740;77;2;697.57
924;139;138;5;145.24
925;128;71;1;1665.05
926;125;14;3;1676.08
927;527;132;5;720.01
928;617;2;5;1178.24
929;747;37;5;1687.53
930;859;190;1;857.7
931;366;60;3;1506.53
932;579;180;1;823.8
933;380;83;5;1965.56
934;100;67;1;1864.26
935;312;20;5;919.76
936;175;106;1;1944.45
937;134;11;5;915.51
938;80;64;1;862.15
939;126;74;1;1326.43
940;683;65;5;33.34
941;2;62;3;14.94
942;457;186;4;1111.64
943;767;140;1;1634.72
944;864;113;3;927.44
945;315;191;3;245.44
946;777;189;2;627.5
947;410;17;2;1997.07
948;655;54;1;11.51
949;89;170;5;836.44
950;106;58;5;1337.85
951;321;111;4;535.82
952;455;134;5;462.41
953;288;98;1;231.4
954;199;84;2;735.62
955;278;199;2;897.83
956;48;136;5;1363.93
957;79;120;3;1857.82
958;911;151;3;1381.52
959;879;99;3;1517.9
960;149;175;1;1910.13
961;932;198;1;44.57
962;201;174;1;32.36
963;617;2;2;608.52
964;609;151;5;1868.0
965;692;116;1;1989.78
966;474;163;1;468.62
967;195;72;4;1578.04
968;462;13;3;517.87
969;29;19;5;942.78
970;541;62;1;1687.26
971;748;151;2;1715.11
972;984;43;5;1149.48
973;719;57;5;1348.39
974;160;139;3;546.12
975;885;178;1;1514.06
976;219;166;1;742.48
977;401;199;1;1220.69
978;724;163;5;1395.51
979;762;184;2;610.2
980;942;36;3;577.74
981;417;100;3;1441.62
982;542;46;4;391.17
983;343;24;4;306.17
984;871;37;1;872.1
985;5;107;5;1956.95
986;524;105;3;914.19
987;982;41;1;1378.88
988;944;98;4;1686.81
989;292;137;3;1582.31
990;909;180;5;103.42
991;410;141;2;1722.27
992;458;126;1;932.85
993;650;90;5;1307.09
994;461;98;4;909.31
995;490;121;5;776.24
996;650;134;4;752.86
997;889;27;4;1629.67
998;965;159;2;230.99
999;469;114;2;900.07
1000;649;137;5;1457.96
1001;365;77;1;104.08
1002;639;78;2;998.22
1003;655;172;2;1510.05
1004;960;171;1;622.1
1005;622;159;3;411.54
1006;362;1;3;1972.78
1007;989;58;5;1131.99
1008;587;128;1;1579.32
1009;755;38;1;292.29
1010;799;169;3;1265.5
1011;5;65;5;43.01
1012;951;65;3;1781.06
1013;557;12;3;1853.59
1014;777;190;3;1562.12
1015;840;107;4;1160.29
1016;443;32;4;1022.42
1017;941;72;5;1871.35
1018;401;66;1;1921.65
1019;316;98;4;61.83
1020;920;194;1;1229.75
1021;234;17;3;1243.9
1022;960;141;4;352.41
1023;53;61;5;145.44
1024;560;188;3;540.8
1025;577;46;1;1725.22
1026;794;56;5;1462.72
1027;386;104;1;1537.7
1028;934;137;3;49.95
1029;712;67;2;1618.72
1030;464;36;5;549.14
1031;185;17;1;910.01
1032;701;187;2;415.8
1033;678;6;5;680.67
1034;262;126;3;1114.09
1035;785;15;2;561.72
1036;415;88;5;1163.04
1037;992;12;5;1735.04
1038;351;197;1;1633.84
1039;734;163;5;736.72
1040;23;32;5;872.67
1041;977;140;2;1297.61
1042;843;78;3;691.54
1043;528;36;2;787.77
1044;749;151;2;229.68
1045;769;181;1;1726.9
1046;419;136;1;1369.07
1047;313;6;3;1723.3
1048;147;49;4;1277.22
1049;138;196;5;808.95
1050;91;36;2;638.06
1051;300;181;4;350.76
1052;660;60;3;1901.49
1053;389;116;5;968.94
1054;868;161;4;426.21
1055;838;72;3;1916.55
1056;758;63;2;1295.67
1057;45;128;4;1877.52
1058;81;181;4;1436.89
1059;897;57;3;348.26
1060;75;7;1;820.12
1061;11;57;5;1685.05
1062;982;75;3;82.76
1063;386;73;5;1588.7
1064;620;123;1;1193.36
1065;880;193;2;834.98
1066;334;47;5;403.76
1067;749;161;5;1515.87
1068;40;44;3;1446.08
1069;665;72;2;1690.51
1070;746;45;3;1518.66
1071;945;101;5;942.09
1072;844;192;1;635.19
1073;321;135;5;878.16
1074;620;14;3;339.59
1075;964;180;4;1361.53
1076;569;10;3;405.5
1077;571;118;2;989.67
1078;6;86;3;279.12
1079;194;114;3;1790.99
1080;463;47;2;1227.52
1081;559;94;1;1478.49
1082;398;184;5;1730.88
1083;662;77;2;1286.48
1084;362;95;5;427.56
1085;639;147;5;890.37
1086;580;70;1;989.03
1087;104;149;2;506.67
1088;724;143;1;1083.08
1089;979;155;5;1150.55
1090;653;85;1;1254.44
1091;908;18;1;1522.85
1092;899;40;5;38.22
1093;843;72;2;1668.48
1094;563;129;5;1800.87
1095;162;107;3;167.81
1096;526;172;1;1534.75
1097;10;177;5;1917.24
1098;585;85;2;1781.33
1099;198;68;1;23.26
1100;914;93;3;194.71
1101;429;123;4;241.9
1102;934;28;3;259.91
1103;505;178;2;746.31
1104;602;69;4;885.0
1105;531;54;3;940.5
1106;502;86;4;1121.63
1107;822;106;5;761.17
1108;178;188;2;1474.08
1109;636;152;3;546.65
1110;301;97;2;1926.07
1111;714;79;2;421.01
1112;514;176;4;92.65
1113;485;70;5;660.44
1114;561;144;1;151.99
1115;887;197;2;1292.39
1116;888;176;1;1934.73
1117;142;170;3;197.14
1118;558;72;3;1917.82
1119;266;43;3;235.5
1120;134;192;1;1202.37
1121;696;93;5;516.87
1122;180;137;2;1322.11
1123;959;62;5;79.37
1124;894;174;5;894.7
1125;602;153;2;1444.08
1126;351;47;3;1660.87
1127;438;188;2;1290.18
1128;957;108;3;1508.34
1129;119;70;4;1467.55
1130;396;29;2;63.03
1131;462;113;2;1771.13
1132;732;159;4;1094.55
1133;343;9;2;805.23
1134;997;157;1;623.26
1135;772;200;4;1483.4
1136;63;186;3;264.71
1137;249;41;4;1997.92
1138;984;25;1;1018.85
1139;725;139;1;1753.82
1140;796;2;2;640.15
1141;249;129;2;59.69
1142;311;160;4;550.49
1143;717;107;5;632.02
1144;196;195;1;40.8
1145;526;82;4;893.77
1146;560;163;2;149.02
1147;291;115;4;98.37
1148;773;2;1;1470.63
1149;287;32;2;106.78
1150;213;148;2;875.75
1151;273;26;4;326.18
1152;735;134;4;551.74
1153;90;106;1;1697.83
1154;800;1;5;364.41
1155;618;71;3;1832.81
1156;303;127;5;1389.71
1157;887;54;2;1332.67
1158;535;20;4;347.64
1159;525;152;1;125.87
1160;853;114;2;225.59
1161;698;175;4;1001.32
1162;816;151;3;388.05
1163;466;25;3;1052.03
1164;35;165;4;1197.93
1165;686;197;1;848.09
1166;508;167;4;335.58
1167;553;176;4;1497.95
1168;214;152;1;1833.93
1169;867;77;1;1815.68
1170;604;162;1;979.8
1171;115;163;4;808.8
1172;481;65;1;100.64
1173;402;184;3;697.62
1174;254;90;2;873.03
1175;795;56;3;1753.43
1176;772;198;1;807.61
1177;726;140;3;1282.49
1178;850;127;5;490.05
1179;851;137;4;1910.0
1180;712;77;4;1575.47
1181;312;67;5;503.25
1182;675;176;1;1671.84
1183;530;57;4;1639.79
1184;162;127;4;1710.02
1185;855;36;4;1547.21
1186;505;112;3;1337.77
1187;857;63;5;1883.93
1188;804;97;4;788.08
1189;848;99;2;273.05
1190;507;114;5;768.7
1191;127;64;2;1159.59
1192;430;37;2;1419.23
1193;356;46;2;753.79
1194;589;179;1;1735.0
1195;442;117;5;214.98
1196;920;195;1;374.83
1197;631;64;2;188.74
1198;545;74;4;459.69
1199;383;111;5;1013.74
1200;687;182;2;1191.82
1201;584;126;3;1886.09
1202;628;119;4;324.87
1203;153;153;4;957.04
1204;829;22;5;1892.55
1205;128;192;4;480.64
1206;153;168;1;318.46
1207;494;39;2;1361.23
1208;491;69;5;1726.52
1209;235;149;2;1304.26
1210;669;110;2;166.01
1211;926;102;3;1882.33
1212;997;92;5;687.3
1213;713;114;5;51.21
1214;793;126;2;1681.87
1215;14;113;4;1669.98
1216;93;139;4;988.1
1217;285;2;5;1324.45
1218;31;80;5;1474.92
1219;222;180;1;1603.39
1220;623;39;2;1365.87
1221;309;155;5;211.81
1222;914;28;5;1023.35
1223;492;109;3;1043.07
1224;330;59;3;861.05
1225;537;131;1;614.84
1226;124;21;3;1863.83
1227;476;2;1;527.6
1228;424;178;5;1571.35
1229;446;3;2;1658.81
1230;748;46;1;210.04
1231;43;73;4;1533.59
1232;814;109;2;663.17
1233;288;90;1;525.05
1234;490;188;2;292.21
1235;891;195;5;1618.19
1236;240;126;4;1908.27
1237;575;118;4;1752.1
1238;569;123;1;1180.65
1239;15;93;3;1405.54
1240;787;52;5;639.89
1241;158;34;2;1117.59
1242;38;148;5;57.29
1243;952;16;3;607.63
1244;96;11;4;233.28
1245;483;105;2;202.59
1246;923;80;2;555.12
1247;905;154;3;1668.61
1248;646;125;1;1050.9
1249;438;190;4;921.47
1250;679;77;5;1988.13
1251;482;56;4;351.09
1252;564;128;1;349.83
1253;944;101;2;674.76
1254;517;88;4;1318.15
1255;909;60;3;206.63
1256;802;33;5;972.52
1257;148;88;1;937.59
1258;808;35;2;1972.82
1259;871;121;4;1618.92
1260;238;140;1;1260.19
1261;340;134;4;1750.85
1262;832;96;3;722.3
1263;595;200;5;142.77
1264;408;20;2;1108.08
1265;561;29;3;1620.08
1266;233;120;1;1439.15
1267;220;61;4;1000.32
1268;705;154;4;456.11
1269;249;138;1;1612.3
1270;664;53;3;38.47
1271;527;42;1;736.6
1272;861;79;4;267.39
1273;789;130;3;361.01
1274;955;175;1;1882.89
1275;36;89;5;335.27
1276;676;109;4;1817.72
1277;262;22;1;82.5
1278;907;164;4;1979.75
1279;472;136;4;32.47
1280;157;91;2;646.57
1281;488;97;4;503.18
1282;655;51;2;1075.89
1283;528;180;4;1921.48
1284;181;170;5;1434.71
1285;437;76;4;1158.29
1286;742;74;4;1334.24
1287;32;42;2;257.88
1288;654;165;5;91.86
1289;851;113;3;514.95
1290;469;122;1;1988.76
1291;51;59;5;1283.92
1292;424;54;5;1076.76
1293;956;178;2;1986.11
1294;520;120;2;978.32
1295;383;178;5;1332.97
1296;356;144;5;855.65
1297;692;52;3;541.83
1298;33;91;3;363.37
1299;673;106;1;331.66
1300;927;54;3;1984.15
1301;815;143;2;1572.38
1302;920;92;2;935.52
1303;835;188;4;353.98
1304;511;64;4;1936.84
1305;596;146;3;1255.14
1306;804;186;5;153.45
1307;363;82;3;1278.56
1308;807;84;5;1109.71
1309;399;106;2;686.17
1310;614;189;1;1422.37
1311;464;152;5;1087.56
1312;579;152;4;195.11
1313;144;116;2;365.89
1314;91;120;3;805.81
1315;894;197;5;854.42
1316;297;138;4;1795.92
1317;338;70;5;516.38
1318;42;193;2;204.25
1319;14;43;1;22.81
1320;592;87;4;406.06
1321;574;91;5;1991.22
1322;482;101;2;327.99
1323;146;157;5;764.01
1324;227;42;3;866.49
1325;836;107;4;1030.33
1326;958;117;1;50.58
1327;997;137;3;1641.64
1328;479;200;2;64.3
1329;127;58;1;535.64
1330;100;139;5;332.77
1331;780;144;2;1195.3
1332;818;133;3;798.55
1333;855;44;2;253.23
1334;305;35;2;571.14
1335;537;88;4;888.27
1336;527;180;4;802.39
1337;618;9;3;1974.64
1338;35;79;4;390.35
1339;223;124;3;1264.2
1340;448;144;4;712.17
1341;913;200;4;1323.58
1342;973;85;1;307.14
1343;99;51;3;1529.08
1344;115;145;2;256.18
1345;74;164;5;1130.86
1346;908;25;3;1155.29
1347;697;168;1;832.13
1348;414;63;4;1759.95
1349;689;40;1;93.24
1350;839;152;1;378.93
1351;578;24;4;1486.61
1352;57;101;2;656.6
1353;244;37;4;159.28
1354;496;39;3;1826.62
1355;34;191;3;1018.98
1356;90;160;5;1494.98
1357;804;179;5;740.57
1358;990;159;3;314.07
1359;785;131;5;651.38
1360;401;42;4;1733.93
1361;971;125;3;977.66
1362;231;61;2;157.64
1363;304;198;4;1458.85
1364;466;83;2;244.58
1365;539;150;5;731.79
1366;811;182;2;1301.02
1367;769;54;2;391.3
1368;70;113;5;1148.09
1369;216;67;1;849.29
1370;51;73;2;421.09
1371;828;89;4;253.35
1372;723;22;3;1149.48
1373;709;34;2;1014.42
1374;505;159;5;929.18
1375;284;76;5;565.86
1376;518;153;1;1442.71
1377;219;88;1;1680.82
1378;272;38;1;184.6
1379;600;104;2;1341.59
1380;770;12;3;1860.95
1381;158;75;5;778.7
1382;662;153;2;922.44
1383;727;29;4;880.52
1384;865;186;2;481.39
1385;612;76;3;813.85
1386;770;195;3;1177.49
1387;175;92;4;1880.18
1388;629;64;2;501.12
1389;134;47;3;319.7
1390;80;153;1;447.96
1391;721;21;5;704.34
1392;633;190;2;1615.55
1393;8;41;1;1611.33
1394;411;103;2;1531.24
1395;891;191;1;833.52
1396;706;145;1;399.78
1397;239;80;3;967.54
1398;73;116;5;1599.67
1399;244;24;4;1406.49
1400;509;198;2;165.68
1401;469;114;5;84.45
1402;854;92;5;315.8
1403;820;38;5;1755.92
1404;842;155;1;1033.52
1405;337;49;5;308.5
1406;754;87;3;175.39
1407;854;194;4;1043.23
1408;174;22;1;613.9
1409;396;190;5;833.23
1410;729;193;4;771.8
1411;557;17;4;1605.38
1412;859;102;1;1094.67
1413;316;133;1;1251.55
1414;5;136;5;996.68
1415;202;152;3;566.21
1416;37;183;5;873.8
1417;22;27;1;1363.85
1418;990;32;3;1354.36
1419;959;35;2;297.98
1420;781;191;3;1616.08
1421;741;164;3;1040.41
1422;782;70;4;866.09
1423;46;80;2;1103.96
1424;32;71;4;207.36
1425;431;25;4;1878.17
1426;660;6;2;47.08
1427;814;93;5;364.99
1428;409;109;4;1713.83
1429;563;4;4;1536.26
1430;543;47;4;388.4
1431;215;39;2;89.04
1432;729;194;5;1973.01
1433;577;96;3;876.6
1434;594;143;2;1426.72
1435;884;68;5;1028.77
1436;788;194;3;1157.36
1437;900;77;3;1342.35
1438;930;82;3;44.32
1439;719;63;4;1122.74
1440;306;124;3;206.89
1441;680;108;5;976.94
1442;430;165;1;1973.58
1443;56;115;4;84.23
1444;66;108;1;1670.24
1445;611;185;1;1102.39
1446;676;153;1;1477.06
1447;815;132;5;1233.0
1448;215;179;3;1387.88
1449;589;167;1;1642.78
1450;196;79;3;1623.04
1451;316;95;3;403.54
1452;421;10;5;44.98
1453;574;148;2;824.63
1454;56;181;1;390.96
1455;915;47;2;783.63
1456;529;194;3;1001.76
1457;668;1;1;636.63
1458;592;190;2;1572.09
1459;181;160;1;1866.6
1460;795;28;1;494.71
1461;772;170;4;232.03
1462;485;147;1;1479.73
1463;152;29;5;1313.5
1464;188;68;5;148.19
1465;556;197;5;1072.98
1466;346;26;2;1365.65
1467;442;7;1;1850.0
1468;712;46;5;1131.09
1469;997;170;5;1745.34
1470;420;112;1;904.67
1471;577;142;1;1093.13
1472;902;158;2;1973.55
1473;241;41;3;620.6
1474;31;84;1;1647.65
1475;297;51;2;1765.71
1476;852;156;3;1928.22
1477;737;28;5;268.63
1478;304;97;2;388.91
1479;630;94;4;1992.62
1480;188;32;4;770.83
1481;296;19;4;407.52
1482;685;56;3;155.14
1483;122;166;4;1673.95
1484;575;40;4;1630.08
1485;807;180;1;824.52
1486;492;174;2;199.7
1487;733;63;1;646.36
1488;731;28;5;621.27
1489;345;30;5;910.93
1490;336;97;4;561.41
1491;637;146;3;538.7
1492;582;27;3;367.99
1493;756;20;5;1729.64
1494;122;13;3;1625.36
1495;845;85;5;789.34
1496;153;3;4;1540.05
1497;556;86;5;615.13
1498;800;97;3;666.34
1499;219;160;3;1345.42
1500;602;113;5;1776.33
1501;923;159;2;419.26
1502;717;139;2;599.11
1503;775;73;4;1355.63
1504;794;106;5;1427.29
1505;941;25;2;885.03
1506;516;198;5;785.29
1507;444;178;3;1967.76
1508;836;42;1;1592.92
1509;591;178;3;1537.28
1510;980;71;3;1223.16
1511;723;43;1;720.28
1512;173;117;5;360.27
1513;702;127;3;1865.41
1514;527;161;2;1273.62
1515;444;104;5;1063.92
1516;369;42;4;441.45
1517;747;60;4;1060.74
1518;966;146;5;1543.4
1519;264;172;1;612.98
1520;572;127;1;314.54
1521;333;61;2;1300.3
1522;783;150;3;1666.92
1523;657;118;4;1331.26
1524;199;69;2;900.99
1525;437;61;4;1799.65
1526;98;182;5;627.18
1527;402;185;4;1334.29
1528;31;40;2;1210.97
1529;626;159;1;11.62
1530;587;129;2;297.82
1531;635;118;2;1513.18
1532;69;61;5;1974.66
1533;605;149;2;797.14
1534;124;132;2;218.82
1535;990;103;4;1691.2
1536;391;20;1;1619.78
1537;874;122;1;465.52
1538;314;189;4;1461.03
1539;237;173;3;816.77
1540;162;58;5;1674.98
1541;90;8;3;1928.48
1542;279;119;1;780.99
1543;931;43;5;1131.2
1544;240;188;5;1614.37
1545;3;18;3;820.67
1546;435;58;3;1995.85
1547;658;127;1;1933.23
1548;510;5;1;1578.36
1549;232;132;2;142.24
1550;891;99;3;647.77
1551;144;42;5;335.62
1552;752;36;1;393.76
1553;747;6;5;1056.95
1554;676;144;2;510.4
1555;379;196;1;1852.46
1556;649;126;5;963.66
1557;738;77;4;1625.09
1558;249;196;1;542.32
1559;966;179;4;1216.76
1560;62;12;2;147.76
1561;518;59;4;711.15
1562;879;153;2;1837.21
1563;130;5;2;1652.91
1564;247;92;1;747.49
1565;935;200;3;930.88
1566;444;133;4;646.57
1567;863;162;1;1133.06
1568;307;107;2;518.06
1569;246;138;4;1057.52
1570;129;137;2;1631.55
1571;387;148;2;559.13
1572;554;6;5;990.06
1573;551;20;3;659.67
1574;200;96;3;532.25
1575;132;104;5;639.08
1576;546;137;3;1921.66
1577;954;119;5;508.47
1578;459;127;1;1605.57
1579;553;141;1;1606.58
1580;420;5;2;452.28
1581;449;189;2;568.49
1582;805;168;1;38.38
1583;693;116;5;922.5
1584;276;27;1;646.24
1585;59;15;1;1505.55
1586;420;148;5;1040.53
1587;781;138;4;306.25
1588;915;57;5;234.54
1589;31;38;3;1815.25
1590;560;115;3;84.32
1591;17;116;3;701.79
1592;456;31;2;1049.25
1593;881;178;1;1469.62
1594;854;159;1;1450.41
1595;282;147;2;215.46
1596;525;115;4;934.68
1597;760;24;3;1256.14
1598;495;117;4;1282.43
1599;399;194;5;428.72
1600;848;23;3;1092.86
1601;380;47;3;775.61
1602;954;111;3;1356.18
1603;335;140;4;1732.96
1604;866;14;2;1015.77
1605;815;54;1;1106.01
1606;383;34;5;1056.8
1607;344;131;4;1166.77
1608;156;118;1;1077.77
1609;524;143;1;1247.28
1610;400;67;3;365.5
1611;219;100;3;1799.83
1612;89;195;2;1707.15
1613;196;135;3;1706.02
1614;403;144;5;1920.76
1615;114;90;4;313.01
1616;508;51;2;1437.52
1617;817;83;1;354.95
1618;725;95;2;602.82
1619;859;42;1;1815.97
1620;416;75;4;1193.02
1621;424;116;4;1342.61
1622;992;125;3;1429.83
1623;161;53;5;1723.84
1624;175;167;4;1146.1
1625;469;168;5;317.79
1626;922;103;2;1885.88
1627;925;147;4;1689.45
1628;546;1;1;1331.49
1629;728;87;4;1431.33
1630;498;118;4;436.18
1631;8;66;5;1277.75
1632;745;53;3;586.01
1633;458;130;5;1249.3
1634;163;16;2;1730.82
1635;253;15;5;1811.49
1636;640;14;1;1778.06
1637;12;54;1;1058.66
1638;427;167;5;1090.6
1639;677;194;1;1140.96
1640;764;106;2;1866.15
1641;299;116;3;446.96
1642;556;195;3;1538.39
1643;494;190;4;1162.92
1644;531;77;4;955.58
1645;206;124;1;1313.8
1646;946;117;1;931.06
1647;862;165;1;1351.3
1648;348;48;4;765.71
1649;687;134;1;1844.65
1650;613;133;4;737.78
1651;986;134;4;218.37
1652;489;81;3;220.37
1653;715;159;2;1169.78
1654;648;46;1;1530.98
1655;486;158;1;764.58
1656;530;189;2;1328.87
1657;189;158;4;1525.32
1658;460;31;5;167.3
1659;479;169;4;1548.45
1660;754;110;1;1088.43
1661;961;100;5;1323.12
1662;492;13;2;1003.65
1663;601;122;3;304.96
1664;291;26;5;497.94
1665;623;196;4;565.37
1666;871;130;2;600.16
1667;772;155;2;257.7
1668;619;137;4;258.36
1669;642;73;2;838.6
1670;414;51;4;1082.85
1671;802;136;5;719.26
1672;858;185;2;906.71
1673;902;134;2;1016.33
1674;643;3;2;377.48
1675;503;78;4;821.28
1676;784;14;4;424.46
1677;530;154;1;1380.52
1678;446;100;4;899.08
1679;441;140;3;812.57
1680;692;2;1;1668.49
1681;520;36;5;593.48
1682;358;16;4;199.73
1683;752;20;4;471.45
1684;411;24;2;591.22
1685;531;29;4;1072.35
1686;56;180;1;1386.54
1687;933;152;2;459.94
1688;405;181;3;120.14
1689;723;133;1;1554.28
1690;679;38;1;1306.51
1691;206;68;4;104.71
1692;576;198;4;1697.71
1693;519;186;3;1240.27
1694;727;182;4;310.15
1695;625;105;2;1473.96
1696;180;152;4;1210.5
1697;75;180;5;473.22
1698;393;186;3;674.26
1699;499;125;1;374.69
1700;415;7;1;1249.21
1701;626;59;4;765.35
1702;687;196;3;401.56
1703;365;177;5;691.35
1704;723;97;2;1417.25
1705;786;79;2;984.24
1706;329;76;4;1333.43
1707;434;115;4;1866.44
1708;302;187;3;1958.01
1709;270;18;3;1514.47
1710;851;116;4;1489.2
1711;240;175;4;323.56
1712;426;194;5;1524.05
1713;41;114;3;902.65
1714;389;65;1;901.13
1715;71;122;1;1284.77
1716;913;195;3;1378.52
1717;684;188;2;638.22
1718;6;170;2;523.09
1719;344;135;4;1455.64
1720;148;17;3;1800.57
1721;497;73;3;1344.58
1722;727;130;3;1668.57
1723;404;121;3;810.33
1724;719;51;1;1419.84
1725;362;81;1;1704.59
1726;770;107;4;1174.02
1727;266;169;5;828.12
1728;683;156;4;483.0
1729;610;60;2;1809.29
1730;12;164;3;848.49
1731;518;160;1;719.72
1732;516;115;5;1574.27
1733;623;28;2;318.06
1734;540;133;2;1379.17
1735;247;19;5;674.94
1736;178;146;3;147.97
1737;230;104;1;1316.16
1738;832;143;3;1174.04
1739;225;98;1;314.31
1740;851;102;3;732.61
1741;579;187;2;616.56
1742;449;51;5;1322.04
1743;322;39;5;893.85
1744;402;146;4;700.42
1745;211;136;1;1227.83
1746;189;168;3;452.16
1747;341;17;5;100.64
1748;871;118;4;1611.97
1749;940;178;2;1083.9
1750;422;105;1;632.05
1751;515;5;2;1706.52
1752;722;161;3;1617.95
1753;659;37;3;1386.54
1754;372;10;2;475.53
1755;472;92;2;395.33
1756;887;45;2;1314.09
1757;29;94;3;871.26
1758;954;197;5;1807.21
1759;227;90;5;1930.75
1760;11;95;5;1617.21
1761;637;46;1;1499.34
1762;44;51;4;860.1
1763;624;116;4;1487.25
1764;92;13;4;1621.41
1765;324;50;1;1529.98
1766;145;102;5;1447.37
1767;97;185;3;1929.07
1768;528;124;4;378.42
1769;821;191;2;762.91
1770;187;161;2;322.14
1771;55;52;3;978.55
1772;676;160;1;668.36
1773;670;19;4;1601.1
1774;44;185;1;1233.63
1775;974;120;2;862.66
1776;673;147;1;739.9
1777;969;125;4;1084.18
1778;790;147;5;1929.71
1779;546;173;3;717.63
1780;767;133;5;1235.33
1781;861;166;3;450.99
1782;408;161;1;1189.11
1783;676;47;1;1326.25
1784;109;97;2;1078.68
1785;998;66;2;543.5
1786;252;187;2;405.44
1787;703;107;4;1868.75
1788;82;160;2;1463.11
1789;748;44;1;1126.08
1790;640;81;3;173.37
1791;281;195;3;1965.08
1792;456;88;1;966.62
1793;655;159;5;1227.51
1794;225;132;5;1279.89
1795;462;59;2;220.61
1796;911;185;5;1856.81
1797;258;103;2;1122.33
1798;18;191;1;538.71
1799;722;173;3;234.69
1800;203;51;3;1739.05
1801;431;71;3;494.37
1802;32;164;2;573.51
1803;312;13;4;443.77
1804;372;130;5;747.45
1805;642;101;3;1133.71
1806;736;40;2;665.32
1807;37;131;5;41.19
1808;942;167;5;292.91
1809;348;4;3;1382.06
1810;196;8;1;1309.85
1811;313;199;5;1393.44
1812;482;161;3;1907.53
1813;997;193;4;1128.03
1814;155;40;2;1050.45
1815;274;127;5;1741.2
1816;169;198;2;1941.91
1817;945;5;5;1547.23
1818;657;142;2;1419.3
1819;873;130;5;1402.92
1820;129;84;2;67.03
1821;270;131;4;852.92
1822;399;70;2;1635.34
1823;720;160;2;1974.07
1824;389;36;4;1362.05
1825;264;72;4;702.82
1826;151;20;3;1620.52
1827;100;112;5;713.08
1828;48;91;5;1743.37
1829;14;75;3;568.15
1830;93;159;1;1235.49
1831;792;169;2;1681.26
1832;93;149;4;877.62
1833;782;12;3;290.23
1834;396;177;3;1713.82
1835;534;155;5;1078.96
1836;439;67;1;899.32
1837;926;161;3;1699.48
1838;70;156;3;899.82
1839;694;182;3;1828.15
1840;343;78;4;728.64
1841;21;63;2;417.19
1842;915;8;4;1159.04
1843;349;100;1;1564.81
1844;139;18;1;1366.14
1845;229;5;2;685.29
1846;645;11;4;1900.7
1847;305;169;1;1516.4
1848;529;95;5;1251.14
1849;955;117;5;1352.78
1850;445;190;1;90.51
1851;590;73;5;1911.67
1852;550;136;4;1238.68
1853;983;154;3;1288.44
1854;299;100;2;890.67
1855;479;110;1;1811.49
1856;749;47;2;376.85
1857;693;50;5;1390.78
1858;470;69;4;650.69
1859;725;156;1;1003.59
1860;705;3;3;663.33
1861;307;47;3;1048.14
1862;181;119;1;751.54
1863;158;179;4;1728.75
1864;352;168;3;1983.42
1865;480;134;1;1849.28
1866;991;198;3;150.3
1867;114;108;5;1858.52
1868;438;114;1;782.78
1869;57;39;2;1257.04
1870;802;38;5;702.23
1871;98;153;3;679.42
1872;700;151;3;79.26
1873;752;184;3;63.21
1874;634;38;5;1022.77
1875;187;61;1;1611.32
1876;471;98;5;395.58
1877;687;99;2;55.1
1878;958;159;1;85.21
1879;294;157;4;1212.43
1880;218;107;5;78.56
1881;131;4;3;1595.78
1882;223;93;5;778.31
1883;350;125;4;259.29
1884;797;141;5;1389.71
1885;568;158;5;1335.44
1886;967;4;1;1930.16
1887;420;116;1;962.5
1888;46;86;1;419.94
1889;241;30;2;1911.72
1890;859;110;4;1540.4
1891;486;102;4;744.72
1892;764;131;1;258.74
1893;689;198;4;578.45
1894;764;116;4;1083.99
1895;231;41;1;821.52
1896;225;115;2;1649.57
1897;539;60;5;878.26
1898;3;86;1;1143.93
1899;866;39;1;481.66
1900;360;196;3;930.06
1901;397;158;4;1330.45
1902;137;48;2;1933.02
1903;217;199;4;216.21
1904;998;103;5;760.97
1905;67;67;2;955.64
1906;312;60;5;996.58
1907;925;27;2;1856.1
1908;662;171;2;236.31
1909;405;105;5;1585.72
1910;888;84;2;1076.01
1911;313;176;5;1988.94
1912;917;49;2;1590.61
1913;505;103;2;799.74
1914;715;152;5;342.2
1915;543;18;2;1659.32
1916;354;9;4;1076.52
1917;809;59;1;481.41
1918;474;151;1;418.63
1919;807;171;2;849.39
1920;412;72;1;1466.65
1921;73;127;4;652.99
1922;563;78;1;673.02
1923;53;166;4;197.93
1924;428;121;4;1292.72
1925;276;53;1;104.44
1926;997;107;2;602.89
1927;173;129;2;46.32
1928;895;71;4;1781.56
1929;1;164;2;1157.58
1930;923;19;4;986.4
1931;10;184;1;936.89
1932;703;150;3;1915.91
1933;786;20;5;180.96
1934;37;39;4;1557.09
1935;818;104;2;94.25
1936;562;160;2;1857.27
1937;675;131;5;123.12
1938;684;188;2;139.72
1939;688;14;2;91.88
1940;945;64;4;1767.84
1941;506;51;4;505.37
1942;631;188;5;1184.32
1943;665;14;1;740.09
1944;86;22;5;1800.86
1945;817;196;2;893.09
1946;801;168;5;626.09
1947;250;108;2;679.67
1948;255;113;4;425.02
1949;716;136;4;401.29
1950;22;106;5;1675.88
1951;747;50;4;1149.3
1952;251;144;5;1255.26
1953;586;193;1;662.25
1954;385;172;5;1309.8
1955;106;62;2;1601.21
1956;911;98;1;774.2
1957;956;2;5;979.2
1958;350;147;1;967.17
1959;118;199;3;1319.83
1960;104;120;2;702.89
1961;983;125;5;961.95
1962;219;123;4;213.5
1963;267;12;1;1475.67
1964;727;159;5;1748.84
1965;939;71;4;1058.95
1966;181;187;2;399.77
1967;253;22;2;1856.3
1968;437;135;4;378.25
1969;425;12;4;1519.38
1970;570;84;4;1105.15
1971;554;111;2;1173.86
1972;158;4;1;167.82
1973;455;192;2;1958.48
1974;392;101;5;1612.67
1975;558;161;3;1498.49
1976;278;74;4;1786.22
1977;35;47;2;109.74
1978;826;160;1;650.85
1979;678;104;4;1391.54
1980;358;159;1;622.87
1981;398;109;5;414.29
1982;558;13;4;1916.51
1983;394;171;2;1813.18
1984;1000;6;1;671.54
1985;930;81;2;917.85
1986;950;183;4;322.68
1987;686;62;3;491.76
1988;906;180;1;1879.29
1989;940;88;1;1280.82
1990;9;173;5;1750.0
1991;332;9;3;142.18
1992;750;63;1;447.89
1993;761;175;2;1150.36
1994;318;81;5;202.84
1995;177;45;1;1189.66
1996;891;127;2;1071.59
1997;294;8;4;347.97
1998;420;33;2;1550.92
1999;48;194;3;1916.75
2000;159;57;3;1793.85
2001;79;109;4;1933.02
2002;160;45;5;1284.02
2003;780;48;2;1207.51
2004;220;132;4;1081.76
2005;114;83;5;263.92
2006;638;65;4;1769.55
2007;937;142;2;629.72
2008;383;176;5;1815.58
2009;321;142;4;737.22
2010;476;41;1;1373.43
2011;680;63;5;507.87
2012;963;100;4;768.34
2013;800;112;5;1944.57
2014;823;64;3;1928.64
2015;785;10;5;1698.07
2016;12;174;5;869.9
2017;48;43;2;1285.59
2018;813;2;3;1863.29
2019;186;11;1;463.91
2020;626;131;1;1943.89
2021;253;58;1;1669.87
2022;225;153;3;692.01
2023;871;125;1;1285.6
2024;187;132;4;1804.6
2025;744;129;5;126.85
2026;802;125;5;266.1
2027;511;86;1;1968.24
2028;968;145;2;629.54
2029;279;18;2;1289.67
2030;311;89;5;240.23
2031;946;1;5;41.2
2032;264;180;4;574.25
2033;168;72;2;792.3
2034;342;119;4;1640.86
2035;852;182;1;769.05
2036;440;49;3;350.76
2037;861;187;1;708.53
2038;25;60;2;1652.77
2039;493;67;2;140.8
2040;783;111;2;217.45
2041;970;155;3;1276.2
2042;904;170;2;688.3
2043;424;159;3;164.17
2044;615;66;1;1483.75
2045;67;109;5;1322.38
2046;290;156;3;888.59
2047;340;167;5;1823.61
2048;286;18;1;143.26
2049;988;167;5;1813.38
2050;699;100;3;844.47
2051;486;59;2;1516.52
2052;566;4;3;1587.62
2053;250;48;5;52.29
2054;558;61;1;746.43
2055;41;25;2;217.44
2056;687;58;4;964.9
2057;126;24;4;1290.66
2058;159;28;3;1290.33
2059;895;84;4;650.22
2060;559;30;4;227.58
2061;669;115;1;505.48
2062;718;88;3;282.77
2063;814;16;4;1921.19
2064;280;148;2;1863.99
2065;825;107;3;43.27
2066;209;112;3;1273.97
2067;947;9;4;410.63
2068;971;160;1;1459.58
2069;197;185;5;24.37
2070;65;78;4;674.75
2071;480;177;5;1088.61
2072;681;150;1;292.35
2073;339;89;5;1561.07
2074;614;110;3;1162.27
2075;345;154;2;1968.78
2076;637;188;2;1376.06
2077;858;192;5;1163.91
2078;262;65;5;240.42
2079;951;169;5;850.18
2080;935;28;2;1249.54
2081;35;95;4;1816.26
2082;257;80;4;1589.21
2083;743;155;4;689.48
2084;706;111;1;271.61
2085;80;80;2;712.69
2086;898;122;5;297.14
2087;440;1;4;1682.49
2088;263;123;2;1486.81
2089;928;92;4;1910.32
2090;315;195;2;1756.57
2091;283;96;2;878.15
2092;663;83;2;513.41
2093;462;27;2;1522.0
2094;926;107;3;1078.64
2095;418;118;4;1405.78
2096;771;112;2;1334.29
2097;857;12;3;407.12
2098;117;25;4;238.22
2099;187;149;4;197.72
2100;951;165;2;1177.27
2101;494;58;5;11.67
2102;677;96;1;290.8
2103;62;198;5;1535.08
2104;863;17;3;1293.43
2105;641;99;4;533.77
2106;600;10;1;550.39
2107;223;13;2;1294.32
2108;141;184;1;1482.52
2109;706;117;5;45.55
2110;840;199;5;1299.87
2111;844;152;2;1631.96
2112;739;176;4;985.62
2113;66;109;2;597.93
2114;741;47;1;479.94
2115;961;94;3;1002.12
2116;303;85;1;1938.14
2117;862;86;5;1666.02
2118;140;82;2;1351.13
2119;952;174;4;1934.13
2120;944;143;4;201.81
2121;723;30;3;1095.42
2122;632;37;5;1818.72
2123;689;65;1;1245.21
2124;787;61;4;1865.16
2125;820;28;2;1763.32
2126;822;49;1;313.85
2127;921;67;1;772.71
2128;95;165;4;251.97
2129;922;183;4;1382.29
2130;243;109;5;954.17
2131;813;174;3;131.14
2132;625;50;1;991.01
2133;476;37;2;402.28
2134;502;88;2;53.07
2135;630;96;5;73.0
2136;992;164;3;41.62
2137;777;98;3;938.61
2138;837;194;2;1355.08
2139;784;139;5;374.19
2140;124;99;2;1078.04
2141;313;165;5;1010.85
2142;257;199;1;782.51
2143;429;112;2;1254.74
2144;757;97;4;1865.99
2145;14;149;3;1128.4
2146;749;8;1;1397.02
2147;216;30;5;97.72
2148;573;76;4;281.87
2149;430;142;5;194.2
2150;422;198;1;1115.62
2151;980;99;3;976.6
2152;601;115;4;46.9
2153;53;30;2;878.93
2154;64;143;5;1786.81
2155;372;157;2;257.59
2156;492;70;1;1045.81
2157;524;180;2;744.21
2158;260;196;5;982.68
2159;381;180;2;162.13
2160;923;91;1;374.46
2161;574;162;2;1145.53
2162;451;81;4;1105.48
2163;913;119;1;66.02
2164;560;108;1;319.27
2165;981;46;1;1033.78
2166;218;184;4;1412.63
2167;214;186;4;1065.58
2168;490;169;4;1913.6
2169;558;118;1;324.63
2170;362;77;2;328.46
2171;351;133;1;1040.71
2172;510;28;2;209.52
2173;778;158;2;871.11
2174;667;15;5;675.68
2175;375;81;5;1611.33
2176;825;51;2;1828.12
2177;168;143;5;422.89
2178;414;90;3;1143.57
2179;367;179;3;1867.3
2180;391;131;2;1168.63
2181;280;169;5;1827.32
2182;92;99;2;1411.96
2183;508;182;4;1522.89
2184;965;132;1;354.77
2185;429;44;4;601.45
2186;602;171;5;50.88
2187;862;187;2;1409.68
2188;137;190;1;1702.65
2189;604;40;3;313.05
2190;366;61;5;452.97
2191;484;187;3;758.65
2192;118;134;3;870.14
2193;228;121;2;938.87
2194;594;112;4;1389.82
2195;791;95;2;1730.96
2196;28;94;2;753.67
2197;226;45;4;208.13
2198;909;81;2;463.53
2199;898;149;4;1861.99
2200;633;186;5;1150.11
2201;383;87;3;454.01
2202;469;10;1;923.79
2203;523;108;4;50.95
2204;686;189;3;390.51
2205;78;85;3;1409.02
2206;890;55;1;187.65
2207;88;148;1;70.29
2208;602;195;4;1486.36
2209;646;116;1;723.66
2210;956;22;1;1490.63
2211;935;52;5;1067.51
2212;826;39;3;459.95
2213;172;135;1;1646.85
2214;12;2;2;1394.29
2215;900;146;5;82.8
2216;539;147;4;1297.95
2217;298;164;2;1526.66
2218;331;183;2;151.2
2219;79;66;3;124.68
2220;995;98;5;1313.95
2221;243;67;2;798.86
2222;211;99;3;1441.94
2223;318;69;4;145.14
2224;530;65;4;1868.63
2225;505;27;1;903.18
2226;334;91;3;542.7
2227;667;12;5;1460.59
2228;587;64;1;1248.48
2229;959;9;4;1130.35
2230;140;170;2;1431.93
2231;587;25;3;1587.19
2232;890;90;5;1664.87
2233;743;25;1;1626.91
2234;912;159;1;1773.83
2235;370;192;5;1173.52
2236;52;54;3;624.51
2237;605;176;4;1132.36
2238;525;81;2;1025.37
2239;506;80;3;385.87
2240;222;72;5;1938.02
2241;362;147;2;692.26
2242;312;167;2;362.82
2243;338;98;1;1445.37
2244;273;125;3;1508.44
2245;635;189;4;166.22
2246;856;146;1;376.17
2247;176;38;4;1076.45
2248;469;38;1;543.97
2249;589;90;1;188.68
2250;504;180;4;652.12
2251;695;62;5;1308.69
2252;10;110;4;674.99
2253;378;165;5;1361.89
2254;849;42;1;156.45
2255;294;10;2;230.48
2256;962;45;5;357.03
2257;39;133;5;1423.26
2258;531;105;2;56.32
2259;782;123;3;194.5
2260;200;187;3;1776.98
2261;970;87;3;849.2
2262;231;29;4;319.99
2263;994;120;1;555.93
2264;926;156;1;1948.31
2265;438;188;2;43.89
2266;994;79;2;61.33
2267;281;65;2;1586.04
2268;635;107;3;821.46
2269;598;93;1;244.83
2270;437;27;4;270.83
2271;376;144;3;397.2
2272;22;180;4;1989.47
2273;134;64;4;952.04
2274;858;189;3;1088.73
2275;483;170;4;634.14
2276;310;91;2;1267.97
2277;310;46;1;1720.65
2278;910;153;5;50.11
2279;682;98;1;322.73
2280;846;169;4;622.33
2281;878;128;4;1402.78
2282;310;106;5;403.97
2283;728;87;5;977.97
2284;193;62;5;1253.92
2285;704;200;4;1856.58
2286;81;48;1;1290.38
2287;619;33;4;770.36
2288;281;177;5;1145.22
2289;335;6;2;684.22
2290;889;92;3;325.29
2291;230;12;3;48.03
2292;773;82;1;25.64
2293;996;158;5;1531.84
2294;344;87;1;931.02
2295;720;23;5;492.11
2296;691;200;5;821.26
2297;539;11;1;1548.06
2298;713;30;3;1559.41
2299;408;191;2;1704.06
2300;866;145;3;321.58
2301;260;144;4;1728.4
2302;5;125;5;1854.33
2303;652;60;1;1360.03
2304;654;191;4;1012.13
2305;696;44;1;273.66
2306;353;149;3;1427.55
2307;556;167;1;76.34
2308;82;165;1;381.86
2309;60;69;3;683.8
2310;789;55;2;1251.88
2311;646;70;5;293.91
2312;295;88;4;1899.5
2313;594;167;4;986.69
2314;319;115;2;767.68
2315;256;32;4;478.65
2316;753;184;4;1406.73
2317;591;192;2;1377.75
2318;22;53;4;910.34
2319;108;57;5;1926.04
2320;243;107;2;266.37
2321;83;80;1;618.68
2322;479;97;3;361.2
2323;842;189;4;1406.48
2324;862;115;3;466.36
2325;162;176;4;1644.02
2326;152;120;4;717.5
2327;642;185;3;1273.45
2328;934;85;5;1394.86
2329;143;174;3;1866.46
2330;266;39;2;592.79
2331;860;82;5;1148.75
2332;353;29;3;1533.8
2333;432;90;4;1465.27
2334;926;7;1;1718.05
2335;630;155;5;1230.35
2336;954;108;4;677.03
2337;585;17;5;1549.99
2338;693;146;2;1950.35
2339;199;61;4;454.49
2340;214;113;4;1974.69
2341;162;23;1;119.91
2342;615;89;2;1895.01
2343;827;100;1;901.75
2344;557;167;5;604.07
2345;959;33;2;1986.04
2346;665;92;4;463.38
2347;320;14;3;1915.23
2348;802;163;5;865.94
2349;286;109;3;1868.93
2350;729;49;1;977.6
2351;318;187;3;305.22
2352;310;139;4;1405.16
2353;254;40;4;1272.1
2354;158;187;1;1192.99
2355;12;92;5;562.1
2356;924;72;1;1512.76
2357;815;134;1;1539.79
2358;910;78;3;1776.74
2359;498;23;5;20.85
2360;176;140;3;1849.05
2361;593;50;5;69.66
2362;718;196;1;809.39
2363;67;117;1;667.13
2364;497;53;4;1711.4
2365;656;90;4;1963.11
2366;539;4;4;798.77
2367;817;123;5;1656.98
2368;916;196;1;1822.79
2369;111;111;1;323.27
2370;27;71;5;1591.3
2371;455;187;4;1418.44
2372;442;51;4;1888.66
2373;335;131;3;1048.62
2374;470;68;4;1224.14
2375;991;8;4;328.5
2376;754;22;1;781.45
2377;49;147;2;1338.51
2378;332;63;5;949.07
2379;449;171;5;1881.5
2380;974;156;5;1540.62
2381;85;60;4;276.88
2382;806;169;2;1374.28
2383;27;124;3;1018.2
2384;751;83;1;1919.22
2385;214;191;4;973.66
2386;890;12;1;1829.06
2387;880;125;2;804.88
2388;887;100;5;152.83
2389;667;93;4;55.81
2390;955;94;1;855.88
2391;847;176;1;311.14
2392;992;192;4;1216.44
2393;770;148;1;1950.29
2394;994;145;5;1525.07
2395;233;10;5;1237.13
2396;483;138;3;526.57
2397;116;200;3;1125.12
2398;290;33;4;1517.1
2399;994;110;1;1811.73
2400;680;13;3;1214.98
2401;555;186;2;414.46
2402;920;16;4;268.34
2403;779;90;2;995.91
2404;424;181;5;1069.87
2405;425;193;4;622.34
2406;37;103;3;84.9
2407;105;9;2;1721.15
2408;628;3;3;1052.47
2409;109;130;4;697.65
2410;405;122;5;1901.77
2411;204;7;1;808.69
2412;925;138;2;111.22
2413;591;120;5;442.58
2414;870;155;5;690.43
2415;474;168;1;1674.07
2416;424;105;2;1404.28
2417;286;44;1;1581.17
2418;796;133;2;847.21
2419;266;14;5;1592.92
2420;221;157;4;1561.06
2421;967;38;1;1449.75
2422;431;89;3;1803.82
2423;906;1;5;1201.02
2424;827;181;2;1451.18
2425;993;47;2;1180.78
2426;386;76;3;1510.8
2427;781;90;3;992.67
2428;436;50;4;74.95
2429;756;48;2;798.42
2430;504;15;2;467.44
2431;712;47;1;846.63
2432;456;97;1;899.81
2433;59;18;1;1346.49
2434;481;82;5;1188.61
2435;268;66;3;373.66
2436;170;81;5;697.37
2437;946;137;3;829.26
2438;744;120;4;1528.61
2439;227;21;3;1407.54
2440;803;41;5;47.62
2441;640;173;1;1955.89
2442;533;26;5;1769.42
2443;241;117;2;1341.68
2444;687;104;4;1772.26
2445;867;68;3;1039.7
2446;423;48;1;926.53
2447;28;63;5;1914.13
2448;393;43;2;1192.17
2449;931;99;2;90.68
2450;530;53;2;1037.37
2451;277;44;5;350.7
2452;901;78;4;1349.5
2453;343;75;1;1335.43
2454;983;125;5;1200.31
2455;235;122;1;79.63
2456;839;148;1;1262.64
2457;194;34;5;74.09
2458;865;18;4;1965.74
2459;935;28;5;205.84
2460;889;114;1;995.84
2461;500;155;1;883.1
2462;279;1;1;558.09
2463;46;200;4;32.14
2464;754;175;1;912.33
2465;884;47;2;621.25
2466;463;143;5;552.59
2467;657;195;5;1998.65
2468;652;58;1;1342.5
2469;501;77;4;1745.28
2470;861;145;1;191.68
2471;601;70;1;531.1
2472;133;20;5;1122.88
2473;522;20;3;1232.43
2474;189;124;1;749.21
2475;104;107;1;1012.38
2476;198;59;3;1855.79
2477;897;123;3;433.04
2478;821;187;4;1181.33
2479;45;157;3;1559.41
2480;827;154;1;1900.66
2481;516;196;3;1784.43
2482;164;159;4;1631.8
2483;178;16;1;1821.45
2484;284;93;1;982.17
2485;612;196;1;621.08
2486;871;71;4;58.84
2487;551;68;1;1966.8
2488;115;107;1;1154.28
2489;72;104;2;376.42
2490;815;101;1;1704.24
2491;839;12;2;707.51
2492;952;171;1;794.31
2493;584;24;1;1991.88
2494;818;50;5;219.77
2495;330;12;2;1786.69
2496;499;169;3;425.67
2497;579;48;3;585.54
2498;855;32;1;878.55
2499;320;175;3;1475.4
2500;968;38;4;1224.97
2501;917;47;2;1515.55
2502;438;151;5;1656.5
2503;505;185;1;727.03
2504;337;69;2;465.58
2505;534;132;3;1775.26
2506;705;58;2;1463.45
2507;552;22;2;372.43
2508;991;136;1;761.15
2509;979;172;5;1428.09
2510;584;69;4;1240.41
2511;204;140;3;866.62
2512;519;21;4;262.19
2513;231;158;2;282.6
2514;754;74;3;1419.97
2515;956;159;1;1905.02
2516;60;7;4;656.46
2517;314;144;4;348.36
2518;92;45;1;1522.99
2519;322;92;2;1873.77
2520;667;115;2;883.71
2521;162;72;3;1607.26
2522;458;51;2;519.66
2523;435;155;3;927.18
2524;567;102;5;384.17
2525;294;100;3;391.81
2526;753;80;1;618.28
2527;811;193;1;818.54
2528;108;167;3;698.66
2529;583;136;2;1575.59
2530;432;117;4;1382.52
2531;302;133;4;396.07
2532;17;116;4;708.61
2533;318;84;5;361.17
2534;945;55;5;820.94
2535;429;82;4;1043.75
2536;206;141;1;1767.05
2537;907;48;1;1127.76
2538;837;30;3;1676.42
2539;91;46;5;249.34
2540;706;105;1;1623.02
2541;769;129;1;1908.72
2542;741;108;4;1410.97
2543;922;56;5;1344.72
2544;290;22;4;251.29
2545;626;44;5;1415.56
2546;304;42;4;890.35
2547;611;108;4;1449.89
2548;923;154;1;1922.97
2549;705;152;1;1420.25
2550;127;191;5;691.13
2551;649;178;1;1666.23
2552;482;178;2;588.3
2553;16;71;1;1458.89
2554;240;110;4;1115.89
2555;208;87;4;1535.16
2556;373;53;5;849.72
2557;652;112;5;1896.36
2558;185;160;2;355.93
2559;678;155;4;1925.37
2560;316;164;1;726.04
2561;367;124;4;1898.19
2562;124;180;2;1722.76
2563;892;55;3;784.8
2564;649;176;1;1383.04
2565;617;98;2;76.19
2566;485;28;3;1284.41
2567;224;14;4;39.18
2568;251;18;5;1307.44
2569;354;184;1;1341.67
2570;459;59;1;1496.44
2571;541;91;1;905.48
2572;834;112;3;127.31
2573;543;156;4;1005.58
2574;418;13;2;535.66
2575;825;178;1;456.11
2576;771;180;2;891.69
2577;32;27;1;881.44
2578;460;176;4;927.0
2579;875;137;3;1602.45
2580;329;114;4;87.73
2581;474;136;1;1974.27
2582;926;199;1;1001.87
2583;831;54;4;72.97
2584;120;131;5;1533.14
2585;269;97;2;1386.46
2586;504;76;3;1636.42
2587;819;175;2;1438.38
2588;30;27;2;540.2
2589;48;37;3;1154.72
2590;886;54;5;1521.02
2591;322;9;5;747.12
2592;599;74;5;1567.97
2593;852;116;1;1879.28
2594;977;195;3;18.83
2595;937;65;5;994.72
2596;483;123;4;1982.89
2597;969;9;5;1628.26
2598;145;144;5;871.93
2599;549;51;3;1120.66
2600;290;148;2;1044.47
2601;785;181;1;1516.95
2602;742;21;2;1777.23
2603;582;74;1;1552.7
2604;390;63;5;1136.24
2605;907;106;4;1104.49
2606;968;69;1;133.72
2607;118;101;4;545.88
2608;607;144;5;1211.94
2609;808;186;3;849.36
2610;253;171;5;1378.64
2611;611;135;2;938.56
2612;589;194;2;1076.3
2613;223;96;4;208.12
2614;541;3;5;213.9
2615;475;61;4;185.91
2616;380;107;5;588.25
2617;737;43;1;214.65
2618;432;53;5;1150.82
2619;661;156;2;1579.65
2620;568;174;1;1090.85
2621;989;114;2;982.95
2622;582;55;3;571.16
2623;956;54;5;1984.04
2624;284;156;3;1905.23
2625;504;52;1;1097.06
2626;236;189;4;42.33
2627;76;151;2;39.36
2628;481;160;2;166.46
2629;941;68;2;857.95
2630;874;76;2;1877.29
2631;76;167;5;1180.87
2632;28;121;3;1798.08
2633;87;15;3;169.23
2634;217;142;5;1744.63
2635;196;16;5;1124.36
2636;507;126;5;70.76
2637;568;167;5;1429.45
2638;495;83;5;909.45
2639;635;21;1;990.6
2640;781;117;4;433.11
2641;90;32;3;1690.01
2642;451;63;5;391.38
2643;840;89;4;529.61
2644;836;88;5;309.13
2645;92;49;2;1390.17
2646;838;88;3;1207.31
2647;476;6;4;797.76
2648;204;30;5;840.6
2649;215;25;4;1950.92
2650;98;181;5;1431.68
2651;606;73;1;1843.28
2652;455;53;2;1838.62
2653;756;156;2;777.77
2654;383;140;4;1104.8
2655;156;195;4;1165.26
2656;996;28;5;483.54
2657;515;148;5;666.89
2658;301;72;3;1662.98
2659;802;59;4;1710.59
2660;512;115;2;39.25
2661;429;89;5;872.27
2662;107;128;2;1417.63
2663;718;103;2;1814.05
2664;97;31;1;401.55
2665;713;178;5;298.4
2666;716;73;3;732.21
2667;962;111;5;1601.33
2668;88;120;3;199.66
2669;588;44;1;1107.4
2670;855;40;4;1755.25
2671;749;11;1;981.27
2672;240;124;3;1472.94
2673;757;29;4;983.19
2674;662;32;4;1799.91
2675;468;144;4;1552.56
2676;575;145;2;918.83
2677;813;156;5;1025.62
2678;733;62;3;1650.32
2679;821;42;5;1749.8
2680;258;87;1;1246.19
2681;963;56;5;530.87
2682;148;65;3;618.43
2683;706;24;5;985.25
2684;599;142;4;1892.78
2685;59;153;4;1350.92
2686;795;175;1;647.56
2687;647;88;5;35.54
2688;136;33;4;1994.54
2689;411;51;2;674.92
2690;500;7;3;485.31
2691;349;34;1;1032.88
2692;592;159;5;166.42
2693;323;126;5;1568.75
2694;46;87;3;1893.83
2695;258;96;3;1122.08
2696;364;138;5;1220.94
2697;233;138;1;1044.43
2698;767;121;3;1234.25
2699;706;191;2;722.12
2700;629;110;2;1574.28
2701;912;176;3;1079.11
2702;692;113;2;474.66
2703;702;40;5;269.27
2704;601;99;5;1445.59
2705;358;104;4;1589.27
2706;630;77;4;1915.47
2707;676;126;4;448.8
2708;236;170;2;682.92
2709;69;155;3;267.99
2710;713;6;5;1142.89
2711;350;60;2;1583.75
2712;961;155;1;1090.98
2713;649;35;5;834.23
2714;50;43;5;903.75
2715;675;193;2;240.51
2716;750;119;4;1394.34
2717;821;191;4;686.44
2718;112;145;1;1852.21
2719;208;29;2;1150.66
2720;99;95;5;1881.25
2721;340;168;2;1669.92
2722;62;24;3;147.51
2723;155;21;2;629.21
2724;416;104;4;1663.66
2725;823;8;3;366.88
2726;288;148;5;1544.81
2727;418;21;3;426.57
2728;298;45;1;971.08
2729;134;173;3;959.92
2730;91;30;5;69.13
2731;561;5;1;1580.96
2732;268;169;2;542.76
2733;62;49;1;367.64
2734;648;3;5;1329.69
2735;78;15;1;1662.95
2736;943;50;1;1720.28
2737;926;5;5;910.43
2738;10;50;4;1640.5
2739;202;118;2;1143.39
2740;434;197;5;432.3
2741;662;172;1;1659.34
2742;436;141;2;1510.23
2743;199;43;5;698.28
2744;538;60;4;1727.45
2745;265;40;3;1859.66
2746;235;198;3;781.69
2747;881;98;1;1865.63
2748;879;84;2;1321.17
2749;326;90;1;385.49
2750;850;197;4;1790.39
2751;435;42;3;256.9
2752;824;63;2;1261.2
2753;813;82;3;511.28
2754;594;92;4;218.62
2755;43;99;3;1328.26
2756;476;69;3;55.12
2757;686;90;5;477.8
2758;193;49;4;124.86
2759;820;100;1;401.71
2760;8;31;3;1278.56
2761;722;29;3;118.74
2762;725;11;4;733.18
2763;621;52;3;512.67
2764;143;91;1;1492.25
2765;608;40;3;1755.9
2766;128;20;3;1455.67
2767;138;192;3;951.58
2768;606;157;4;1152.06
2769;259;76;1;1447.47
2770;820;192;4;1246.58
2771;515;164;3;175.17
2772;639;57;3;1971.97
2773;415;93;1;1731.88
2774;674;96;5;152.93
2775;536;87;4;870.46
2776;523;166;2;942.25
2777;483;151;1;123.68
2778;913;120;5;89.12
2779;389;184;5;247.26
2780;745;111;4;794.85
2781;662;27;5;21.27
2782;765;52;2;1309.04
2783;802;185;2;428.59
2784;914;13;3;355.6
2785;462;21;5;373.41
2786;426;170;1;239.27
2787;550;44;2;1166.27
2788;993;22;4;1607.04
2789;183;192;1;793.7
2790;204;114;5;1206.03
2791;600;170;4;749.15
2792;771;198;3;1512.65
2793;170;65;2;943.58
2794;921;110;5;1489.79
2795;722;134;2;52.55
2796;777;199;5;1926.51
2797;69;72;2;1692.02
2798;109;198;4;1321.96
2799;174;9;1;722.6
2800;160;133;3;864.72
2801;864;85;4;1657.62
2802;463;107;1;598.08
2803;321;124;3;385.66
2804;264;136;5;1900.13
2805;366;98;4;1710.2
2806;251;98;2;1117.3
2807;564;78;3;1036.25
2808;6;192;2;590.09
2809;579;58;1;1451.66
2810;694;91;4;1175.55
2811;401;114;2;232.48
2812;302;184;2;850.34
2813;244;122;5;93.36
2814;741;27;4;1232.07
2815;607;131;2;423.96
2816;911;161;5;290.63
2817;298;64;4;731.76
2818;223;37;3;1480.45
2819;767;114;2;945.48
2820;509;175;1;1367.6
2821;825;11;3;857.11
2822;330;152;2;1730.16
2823;244;64;2;1394.84
2824;751;32;2;1028.98
2825;843;18;5;583.9
2826;812;65;4;311.1
2827;550;110;4;440.57
2828;626;32;1;814.63
2829;951;194;5;659.88
2830;358;145;1;1246.74
2831;135;115;4;1374.39
2832;961;161;2;550.35
2833;497;88;3;1225.12
2834;761;180;1;284.51
2835;283;167;4;849.82
2836;346;56;2;1136.56
2837;198;64;1;50.29
2838;728;143;3;1756.91
2839;277;152;1;1286.26
2840;382;33;2;316.96
2841;426;50;2;452.84
2842;880;179;5;1793.38
2843;672;49;1;715.11
2844;39;47;2;1409.67
2845;892;133;1;1920.42
2846;998;59;3;509.22
2847;459;101;1;832.26
2848;815;159;2;1703.46
2849;45;60;1;1814.67
2850;612;53;3;1313.33
2851;164;198;5;1955.45
2852;739;168;1;348.07
2853;839;24;1;852.11
2854;843;52;3;234.73
2855;126;164;1;1606.28
2856;222;184;3;518.57
2857;27;50;3;497.47
2858;841;90;2;1649.39
2859;677;110;2;1876.63
2860;915;91;3;1293.29
2861;457;63;5;1544.08
2862;147;128;3;548.71
2863;569;191;1;837.91
2864;336;89;2;328.22
2865;611;125;4;1840.61
2866;168;56;4;596.98
2867;271;21;4;1978.37
2868;460;169;4;1839.46
2869;662;190;3;13.45
2870;24;122;4;1101.26
2871;198;81;4;1208.02
2872;743;23;4;133.66
2873;806;95;4;1002.19
2874;545;99;2;1989.39
2875;381;199;4;1167.58
2876;546;141;3;175.95
2877;485;75;3;1329.91
2878;941;47;1;1350.19
2879;274;101;5;807.18
2880;707;171;3;1807.56
2881;884;182;4;1569.4
2882;415;28;2;1596.92
2883;448;89;3;1496.6
2884;914;199;3;342.72
2885;50;64;3;286.5
2886;874;7;4;1504.71
2887;217;25;5;249.56
2888;255;26;1;19.46
2889;839;200;1;1467.23
2890;498;20;2;730.77
2891;591;128;1;255.25
2892;708;128;1;651.58
2893;950;102;1;1274.41
2894;704;107;3;1350.55
2895;256;193;2;521.88
2896;504;4;5;666.67
2897;172;69;5;1605.33
2898;547;30;5;1172.46
2899;334;173;5;1198.51
2900;361;28;3;1471.2
2901;7;31;1;351.17
2902;84;41;4;1814.41
2903;929;80;1;113.92
2904;758;169;1;420.51
2905;260;185;4;835.31
2906;850;61;3;1169.25
2907;417;64;4;758.98
2908;445;82;3;827.62
2909;591;21;1;1999.09
2910;72;183;5;1015.19
2911;9;6;5;875.52
2912;872;62;3;779.96
2913;162;153;5;114.27
2914;87;169;4;1500.76
2915;691;119;1;540.28
2916;116;45;3;1394.04
2917;702;143;2;647.52
2918;681;88;1;272.31
2919;781;73;3;215.98
2920;669;149;5;185.92
2921;592;127;2;1934.18
2922;857;88;2;490.41
2923;37;157;3;1148.52
2924;703;177;3;276.58
2925;463;5;5;1185.4
2926;60;39;5;1912.36
2927;622;14;5;847.41
2928;419;49;3;1857.18
2929;477;99;2;1047.05
2930;841;179;4;964.72
2931;173;2;3;147.36
2932;435;182;4;12.94
2933;667;42;4;1657.25
2934;86;79;3;967.42
2935;295;189;3;311.93
2936;52;102;1;519.81
2937;284;29;3;68.6
2938;508;118;3;93.79
2939;597;12;5;1843.74
2940;705;47;1;1264.76
2941;551;95;1;1493.9
2942;622;38;4;1044.61
2943;855;160;1;1386.39
2944;927;189;1;1723.26
2945;804;74;4;102.49
2946;99;21;2;263.41
2947;921;109;1;166.05
2948;467;3;1;184.57
2949;31;126;3;352.1
2950;695;195;5;872.76
2951;713;57;5;409.6
2952;966;67;3;41.97
2953;793;137;4;349.09
2954;294;129;1;1437.87
2955;698;79;4;1335.13
2956;355;200;2;1054.07
2957;992;199;3;431.52
2958;703;143;4;1958.09
2959;754;20;3;1510.73
2960;580;65;2;1842.92
2961;756;169;4;1521.79
2962;798;120;1;1214.29
2963;138;48;5;1182.92
2964;431;93;5;415.53
2965;68;155;2;1868.89
2966;973;80;4;369.68
2967;92;181;3;948.51
2968;746;145;5;1800.95
2969;972;136;3;656.1
2970;865;165;5;1216.88
2971;376;75;2;979.46
2972;477;101;1;1473.44
2973;495;14;2;1525.33
2974;819;145;4;181.72
2975;489;148;5;278.05
2976;136;174;4;861.87
2977;563;112;1;218.91
2978;704;4;4;1087.25
2979;631;138;2;1195.21
2980;962;152;3;1223.74
2981;324;184;3;1499.26
2982;176;57;4;1725.92
2983;307;24;2;1805.42
2984;347;54;1;1666.01
2985;858;141;2;929.53
2986;372;146;2;870.57
2987;412;108;1;105.93
2988;626;58;1;1204.99
2989;956;84;2;106.81
2990;418;62;1;405.56
2991;793;29;3;762.71
2992;328;50;2;1925.47
2993;146;15;5;58.24
2994;835;168;5;642.8
2995;224;92;2;119.46
2996;463;40;4;89.89
2997;283;25;2;653.59
2998;502;199;5;1515.04
2999;354;10;1;1179.51
3000;128;55;4;1950.55
