"order_id";"customer_id";"order_date";"status";"total_amount"
1;171;"2024-10-16 20:37:25";"paid";2596.03
2;52;"2024-04-20 01:57:24";"delivered";1082.47
3;80;"2024-02-14 16:55:58";"cancelled";1661.46
4;121;"2023-09-02 15:24:10";"delivered";1900.22
5;456;"2023-06-03 18:24:53";"paid";2757.41
6;377;"2024-12-24 02:03:30";"paid";3377.11
7;458;"2024-03-23 15:27:11";"shipped";4976.22
8;274;"2024-10-27 06:46:54";"cancelled";784.21
9;38;"2023-08-06 05:02:15";"paid";2966.2
10;277;"2023-03-29 14:31:31";"cancelled";936.88
11;442;"2023-10-14 02:40:04";"shipped";325.87
12;64;"2023-11-27 18:20:13";"delivered";131.58
13;192;"2024-08-11 04:32:43";"cancelled";2356.95
14;205;"2024-05-26 23:49:07";"delivered";1963.4
15;494;"2023-09-20 14:12:10";"shipped";1197.49
16;70;"2024-03-01 09:52:39";"shipped";681.73
17;415;"2024-09-17 06:17:31";"cancelled";4283.9
18;265;"2023-03-20 03:53:52";"delivered";548.4
19;388;"2023-10-06 13:00:25";"delivered";3986.74
20;234;"2024-08-06 10:11:48";"delivered";821.96
21;149;"2024-08-09 14:32:54";"pending";1599.81
22;151;"2024-07-29 05:06:52";"paid";4914.52
23;272;"2023-12-28 06:20:02";"cancelled";4858.53
24;437;"2024-09-22 14:01:57";"shipped";1377.91
25;48;"2023-04-20 23:03:36";"shipped";494.53
26;11;"2024-11-11 08:38:03";"shipped";3336.79
27;131;"2024-08-21 22:23:16";"pending";3699.48
28;69;"2024-12-08 13:48:09";"delivered";2305.12
29;437;"2023-07-28 07:36:49";"shipped";1736.98
30;12;"2024-06-16 20:24:50";"delivered";1008.92
31;55;"2024-04-29 19:23:20";"cancelled";3595.85
32;258;"2024-12-09 06:30:54";"paid";3041.47
33;337;"2023-10-22 04:15:47";"shipped";2247.12
34;388;"2024-03-18 04:17:48";"shipped";4936.97
35;364;"2024-09-10 00:09:35";"paid";2128.86
36;140;"2024-10-27 23:43:22";"pending";4832.96
37;252;"2024-11-08 07:23:09";"pending";474.54
38;175;"2023-06-15 10:39:34";"paid";3789.04
39;215;"2024-04-09 12:11:11";"pending";4301.28
40;500;"2024-04-21 17:59:41";"cancelled";3627.46
41;336;"2023-03-24 00:12:22";"delivered";313.62
42;276;"2023-07-02 10:42:37";"pending";1587.6
43;20;"2024-03-16 03:47:05";"delivered";2251.61
44;291;"2023-01-30 01:00:27";"delivered";4625.88
45;105;"2023-12-08 03:21:56";"shipped";73.45
46;101;"2024-08-04 11:55:05";"paid";3574.81
47;132;"2024-10-16 13:12:38";"cancelled";925.53
48;99;"2024-01-02 12:20:26";"paid";4765.4
49;36;"2024-11-18 12:24:29";"pending";2769.66
50;325;"2023-01-19 19:14:53";"cancelled";182.23
51;301;"2024-01-21 15:00:51";"delivered";1968.68
52;346;"2023-05-11 18:42:18";"delivered";331.74
53;271;"2024-07-12 23:06:53";"cancelled";1982.19
54;25;"2024-10-03 19:01:06";"cancelled";3246.67
55;381;"2024-04-17 06:05:04";"pending";3696.41
56;374;"2023-01-12 01:39:56";"delivered";4653.69
57;343;"2024-04-20 19:37:39";"paid";813.01
58;131;"2023-06-15 20:25:47";"delivered";219.39
59;403;"2024-04-26 13:38:38";"pending";3642.98
60;425;"2023-02-04 11:50:44";"cancelled";1171.32
61;224;"2024-12-12 03:40:01";"pending";1884.23
62;217;"2024-05-23 22:54:29";"delivered";1840.58
63;334;"2024-07-27 14:46:14";"cancelled";4568.49
64;102;"2024-03-30 02:39:32";"shipped";4366.42
65;299;"2024-07-15 12:37:23";"shipped";4545.95
66;214;"2023-05-05 00:03:11";"delivered";186.51
67;29;"2023-05-03 13:37:22";"pending";106.52
68;310;"2024-01-04 05:26:22";"cancelled";3264.64
69;116;"2023-02-16 19:35:33";"cancelled";4232.3
70;318;"2024-08-08 10:29:05";"shipped";1311.48
71;190;"2024-10-05 02:42:14";"cancelled";2953.02
72;252;"2023-12-22 12:29:09";"delivered";716.83
73;4;"2023-03-26 19:10:14";"shipped";1159.62
74;205;"2023-06-07 22:08:53";"pending";2531.13
75;238;"2023-01-24 02:37:09";"paid";2528.27
76;491;"2023-05-22 01:33:38";"shipped";2015.36
77;303;"2024-01-31 16:37:11";"pending";3612.56
78;214;"2023-03-18 16:16:24";"cancelled";1343.33
79;182;"2023-09-18 02:41:29";"pending";4935.07
80;29;"2024-09-11 10:59:49";"shipped";4079.03
81;498;"2024-08-09 09:09:28";"cancelled";1786.27
82;294;"2024-10-27 15:15:19";"shipped";3782.32
83;283;"2024-03-05 00:36:48";"cancelled";3451.35
84;256;"2024-09-23 15:33:39";"cancelled";715.18
85;42;"2024-01-11 08:44:24";"paid";1847.58
86;76;"2023-08-24 15:37:05";"pending";3034.07
87;118;"2023-03-28 01:35:10";"paid";2736.35
88;345;"2024-08-17 08:49:36";"shipped";3836.99
89;261;"2024-10-06 08:33:31";"shipped";2833.0
90;437;"2023-01-07 00:41:04";"cancelled";3313.97
91;281;"2023-04-14 00:19:47";"shipped";3143.34
92;311;"2023-04-15 19:35:53";"paid";4867.06
93;449;"2024-07-31 22:10:12";"shipped";1418.75
94;79;"2024-08-07 22:51:19";"delivered";1205.72
95;412;"2023-12-17 20:33:30";"delivered";2082.02
96;17;"2024-10-02 01:47:15";"delivered";3900.57
97;496;"2024-11-17 13:47:09";"paid";1207.14
98;308;"2024-10-01 12:52:46";"delivered";1028.05
99;401;"2024-08-28 16:21:12";"delivered";2208.2
100;132;"2023-04-18 13:20:48";"cancelled";807.63
101;242;"2023-10-05 14:24:30";"paid";2178.63
102;312;"2024-01-12 01:03:54";"shipped";4807.73
103;431;"2023-07-20 02:48:22";"cancelled";4094.17
104;379;"2024-06-02 19:47:50";"paid";2730.62
105;129;"2023-11-08 08:20:47";"pending";4467.72
106;477;"2023-05-06 09:46:58";"shipped";1603.16
107;102;"2024-05-27 01:30:12";"shipped";1100.88
108;450;"2023-12-07 19:52:31";"pending";2848.82
109;31;"2024-07-06 10:37:02";"cancelled";760.02
110;250;"2024-12-12 20:52:49";"shipped";4205.62
111;376;"2023-08-28 10:31:46";"cancelled";1273.75
112;59;"2023-04-10 11:14:07";"pending";1801.54
113;201;"2023-02-10 11:30:34";"paid";2337.79
114;71;"2024-12-08 18:25:56";"pending";2759.77
115;222;"2024-02-09 08:59:11";"shipped";2525.3
116;46;"2023-01-04 10:57:41";"paid";283.77
117;445;"2023-08-11 09:40:24";"cancelled";3978.51
118;147;"2023-02-19 04:37:39";"delivered";1461.02
119;254;"2024-03-29 01:19:54";"delivered";952.56
120;419;"2024-09-03 08:31:02";"cancelled";4856.27
121;480;"2023-08-11 05:55:14";"paid";4997.53
122;199;"2024-10-28 16:12:45";"cancelled";600.5
123;409;"2023-04-11 07:57:02";"shipped";1761.69
124;121;"2023-06-28 08:35:00";"delivered";1807.62
125;138;"2024-01-28 00:24:34";"shipped";402.94
126;104;"2023-10-02 15:05:31";"pending";259.36
127;273;"2023-10-08 01:32:03";"paid";2263.55
128;5;"2023-01-04 22:10:32";"delivered";3459.61
129;449;"2024-08-02 14:55:00";"pending";949.59
130;149;"2023-11-12 15:29:59";"pending";4477.96
131;313;"2023-03-26 04:58:17";"paid";3444.54
132;320;"2023-06-13 13:05:02";"cancelled";2003.3
133;303;"2023-05-29 01:41:36";"paid";3080.3
134;466;"2023-11-06 10:39:04";"delivered";2104.0
135;194;"2024-02-23 14:40:28";"shipped";2668.55
136;143;"2023-03-05 18:16:05";"pending";4534.6
137;85;"2024-07-29 13:24:16";"pending";1386.43
138;207;"2024-08-25 08:27:09";"shipped";2097.63
139;52;"2024-10-13 22:23:49";"paid";4689.35
140;66;"2024-03-26 17:23:34";"pending";4285.82
141;183;"2024-10-22 18:28:10";"paid";3781.81
142;348;"2023-04-06 13:34:32";"delivered";4317.85
143;478;"2023-05-16 08:14:42";"pending";366.39
144;302;"2024-02-12 14:43:02";"paid";4186.01
145;208;"2024-03-28 21:19:41";"paid";4559.45
146;462;"2023-10-15 10:41:17";"pending";493.99
147;310;"2023-05-14 17:26:15";"pending";166.94
148;170;"2023-10-15 23:45:03";"delivered";2740.68
149;406;"2024-06-12 08:47:12";"paid";127.17
150;18;"2024-03-24 15:57:36";"shipped";2019.59
151;129;"2024-12-25 23:37:05";"shipped";2369.81
152;292;"2023-10-15 20:09:42";"delivered";4167.58
153;428;"2024-08-08 20:52:34";"shipped";2393.8
154;182;"2023-08-12 00:32:28";"paid";1798.0
155;441;"2024-01-18 01:28:15";"shipped";3290.36
156;466;"2024-06-05 01:09:28";"paid";3070.12
157;266;"2023-01-10 00:35:25";"paid";2149.51
158;165;"2023-08-02 23:04:13";"pending";4526.49
159;102;"2023-04-29 19:39:07";"cancelled";4608.1
160;8;"2024-11-22 18:50:51";"pending";3504.62
161;254;"2024-10-29 00:39:24";"delivered";1659.74
162;348;"2023-07-12 17:50:30";"pending";3249.17
163;318;"2023-03-05 07:21:14";"pending";1988.97
164;176;"2024-11-17 19:24:52";"cancelled";2468.19
165;60;"2023-04-04 05:16:01";"shipped";3187.48
166;116;"2024-04-06 15:26:12";"paid";377.0
167;478;"2023-05-10 00:29:10";"paid";1110.6
168;56;"2024-12-07 08:08:27";"cancelled";1629.16
169;287;"2024-10-31 12:47:42";"paid";3566.05
170;331;"2023-04-11 03:04:46";"delivered";44.69
171;361;"2024-09-13 16:06:16";"cancelled";681.38
172;245;"2024-07-21 16:13:55";"pending";4933.06
173;498;"2024-10-06 20:57:24";"paid";266.49
174;199;"2023-06-28 23:52:40";"delivered";2253.75
175;136;"2024-07-27 02:44:19";"shipped";2970.54
176;331;"2023-11-29 04:13:17";"delivered";677.89
177;302;"2023-12-12 09:12:06";"pending";840.93
178;95;"2023-01-06 08:35:22";"paid";1349.96
179;150;"2024-01-30 10:09:59";"paid";4012.7
180;127;"2024-10-05 20:28:02";"shipped";2827.52
181;135;"2024-02-10 06:55:17";"pending";4212.01
182;168;"2024-05-01 05:12:05";"pending";3948.21
183;244;"2023-09-18 20:33:50";"cancelled";3859.16
184;474;"2023-01-03 04:26:05";"paid";4633.15
185;485;"2024-08-01 19:29:31";"cancelled";1283.5
186;22;"2023-04-04 07:48:03";"cancelled";3759.81
187;51;"2023-03-09 07:25:21";"pending";662.9
188;346;"2023-07-24 13:27:46";"shipped";1162.59
189;151;"2024-05-19 21:41:52";"shipped";690.04
190;63;"2024-11-22 14:14:51";"paid";3414.06
191;471;"2024-12-29 08:21:11";"pending";20.98
192;325;"2024-06-14 14:18:07";"delivered";4712.81
193;65;"2023-03-24 01:35:20";"cancelled";646.99
194;305;"2023-02-08 00:16:29";"pending";2135.11
195;488;"2023-10-09 01:44:54";"delivered";429.03
196;435;"2024-02-21 01:44:29";"shipped";787.41
197;338;"2023-04-08 03:19:22";"pending";326.11
198;137;"2023-01-05 20:34:37";"delivered";4670.36
199;426;"2024-07-01 02:49:16";"shipped";2486.1
200;452;"2024-03-02 02:44:56";"cancelled";1947.49
201;97;"2024-06-23 13:40:22";"pending";224.26
202;457;"2024-02-15 00:25:36";"pending";421.76
203;143;"2023-03-27 09:01:34";"cancelled";2126.97
204;423;"2023-10-01 19:24:25";"shipped";671.47
205;277;"2024-08-25 04:19:43";"delivered";1374.05
206;207;"2023-07-12 09:53:00";"shipped";4823.41
207;306;"2024-06-11 15:09:23";"cancelled";2579.71
208;439;"2024-08-01 18:21:30";"shipped";2021.35
209;146;"2024-11-18 02:44:31";"delivered";52.33
210;128;"2024-06-21 12:08:21";"shipped";1024.03
211;206;"2024-03-03 22:38:47";"paid";4034.31
212;129;"2024-12-25 10:25:49";"cancelled";1689.93
213;146;"2024-05-05 14:08:55";"delivered";482.99
214;219;"2023-06-28 14:25:34";"pending";2847.34
215;303;"2024-09-26 11:50:26";"shipped";2477.37
216;496;"2024-06-13 15:15:13";"pending";1457.52
217;17;"2023-06-01 16:37:13";"delivered";871.12
218;400;"2023-02-03 12:19:31";"delivered";4902.05
219;212;"2024-01-04 17:37:36";"delivered";178.86
220;499;"2023-01-01 23:29:13";"cancelled";691.64
221;233;"2023-07-22 19:50:46";"paid";1724.64
222;412;"2023-07-30 11:05:41";"paid";586.15
223;347;"2023-08-19 09:07:42";"delivered";2624.01
224;451;"2024-04-22 17:48:31";"paid";1018.84
225;275;"2023-02-01 06:28:09";"paid";3317.27
226;430;"2024-06-01 03:58:08";"pending";517.47
227;307;"2024-09-13 23:14:57";"cancelled";1819.07
228;103;"2023-07-26 04:20:29";"cancelled";3117.89
229;36;"2024-11-14 19:44:49";"shipped";3372.72
230;264;"2024-12-17 01:20:57";"delivered";4086.42
231;357;"2024-07-13 23:09:21";"shipped";3543.58
232;208;"2023-08-31 06:09:44";"cancelled";4085.25
233;304;"2024-03-17 07:22:21";"delivered";268.01
234;317;"2023-02-28 03:13:42";"delivered";3752.86
235;139;"2024-06-09 23:14:36";"cancelled";4580.82
236;48;"2023-02-23 21:56:06";"shipped";3780.32
237;357;"2023-05-25 17:00:53";"shipped";1866.59
238;228;"2024-04-16 04:34:56";"pending";1610.04
239;1;"2024-10-06 04:21:50";"shipped";1703.11
240;488;"2023-04-25 20:54:38";"pending";3878.52
241;226;"2023-09-20 14:01:06";"delivered";1633.49
242;306;"2024-01-02 11:28:22";"shipped";3311.36
243;301;"2024-06-30 19:24:37";"cancelled";4084.99
244;34;"2023-02-14 05:03:59";"pending";1345.61
245;321;"2024-08-31 14:11:57";"delivered";1048.95
246;249;"2024-03-17 02:43:32";"pending";2158.83
247;308;"2024-08-07 13:50:19";"cancelled";3370.5
248;337;"2024-08-04 13:57:41";"shipped";3596.76
249;395;"2023-01-19 08:27:25";"pending";530.33
250;235;"2023-05-26 11:06:57";"shipped";2022.18
251;283;"2023-01-05 15:39:32";"delivered";4066.99
252;314;"2024-07-20 13:43:06";"shipped";530.45
253;199;"2024-07-28 09:13:17";"shipped";1534.55
254;343;"2024-02-28 07:22:18";"pending";1653.81
255;78;"2023-09-18 07:25:46";"paid";4853.24
256;397;"2023-12-06 19:30:45";"cancelled";4163.87
257;129;"2024-08-11 07:17:38";"delivered";3464.18
258;424;"2023-02-13 21:42:42";"paid";4601.23
259;71;"2023-08-25 09:12:24";"shipped";4769.14
260;393;"2023-05-08 22:21:50";"cancelled";4708.53
261;116;"2024-12-02 16:34:16";"paid";4511.65
262;456;"2024-10-31 02:28:15";"shipped";4666.23
263;216;"2023-03-30 20:14:18";"delivered";388.45
264;427;"2024-10-08 01:56:20";"shipped";4443.28
265;457;"2023-02-22 12:36:05";"pending";4949.16
266;375;"2024-04-03 08:17:42";"cancelled";2204.4
267;435;"2023-02-05 06:41:17";"shipped";654.12
268;317;"2024-07-08 03:55:31";"cancelled";94.9
269;384;"2024-05-13 19:29:56";"pending";287.52
270;45;"2024-09-14 17:36:36";"shipped";2793.34
271;96;"2024-07-24 14:03:58";"delivered";828.74
272;58;"2023-02-10 16:22:02";"paid";342.42
273;185;"2023-09-23 09:00:15";"shipped";631.38
274;14;"2024-10-08 12:13:55";"shipped";2287.42
275;205;"2023-01-08 18:20:03";"shipped";172.37
276;480;"2023-06-23 06:54:04";"cancelled";2978.96
277;308;"2024-12-13 11:10:02";"delivered";4161.01
278;391;"2023-01-01 21:09:36";"delivered";3148.65
279;177;"2024-11-15 06:04:10";"delivered";2444.89
280;15;"2023-10-24 03:15:09";"delivered";1796.63
281;36;"2023-04-09 09:08:53";"delivered";83.62
282;303;"2024-11-30 12:01:31";"delivered";2864.13
283;419;"2023-06-03 13:12:02";"cancelled";4266.27
284;199;"2023-09-17 17:29:51";"delivered";2117.36
285;118;"2024-07-07 06:49:08";"paid";4112.2
286;236;"2023-05-23 17:49:31";"pending";816.53
287;165;"2024-04-01 03:51:35";"pending";1633.45
288;449;"2023-12-17 11:43:18";"shipped";4205.39
289;432;"2024-08-15 13:42:57";"delivered";3310.81
290;324;"2024-12-05 12:01:01";"delivered";317.24
291;98;"2024-08-20 02:03:03";"delivered";33.07
292;137;"2024-11-26 01:32:15";"paid";3139.21
293;296;"2024-06-24 13:56:54";"cancelled";1327.11
294;2;"2023-10-03 22:31:16";"paid";4222.06
295;115;"2024-06-23 15:26:05";"shipped";3179.4
296;36;"2024-05-09 14:59:19";"delivered";4698.6
297;205;"2024-01-24 00:38:03";"delivered";4246.14
298;376;"2023-04-24 16:17:27";"pending";3838.13
299;19;"2023-11-29 01:26:03";"paid";3200.98
300;265;"2024-08-25 02:56:28";"cancelled";2106.49
301;401;"2024-04-13 00:12:33";"delivered";2815.12
302;200;"2024-11-04 03:55:39";"pending";4306.17
303;237;"2023-05-31 03:39:03";"pending";3166.42
304;499;"2023-10-05 08:20:56";"shipped";360.1
305;51;"2024-11-07 20:31:15";"pending";1225.53
306;11;"2024-04-10 13:17:21";"delivered";3842.2
307;141;"2023-03-06 06:44:43";"delivered";3417.71
308;239;"2024-10-07 00:38:05";"cancelled";275.07
309;155;"2023-06-06 09:21:06";"delivered";2974.9
310;115;"2024-12-10 08:18:07";"pending";4705.0
311;392;"2023-10-31 09:00:00";"delivered";3034.67
312;469;"2023-11-25 17:15:55";"delivered";49.28
313;142;"2024-01-04 09:09:11";"paid";1602.18
314;187;"2023-10-13 23:37:05";"shipped";3140.13
315;215;"2023-11-20 19:51:06";"shipped";913.69
316;12;"2023-11-24 19:31:32";"paid";3963.48
317;96;"2023-09-07 16:13:51";"pending";1218.02
318;299;"2023-12-06 14:36:38";"delivered";299.44
319;263;"2024-08-14 04:05:23";"paid";3979.53
320;129;"2023-11-09 16:01:45";"delivered";4172.6
321;57;"2024-12-02 02:10:40";"delivered";2707.5
322;451;"2024-09-01 03:46:03";"shipped";4626.32
323;214;"2024-04-27 11:06:11";"shipped";1588.64
324;180;"2023-09-09 02:53:26";"shipped";2223.71
325;414;"2024-11-28 04:30:45";"cancelled";1053.72
326;11;"2024-10-21 13:47:36";"pending";4254.35
327;256;"2023-12-31 15:54:45";"pending";2172.45
328;206;"2024-08-16 18:29:08";"paid";879.12
329;206;"2023-04-20 23:36:00";"cancelled";4865.97
330;333;"2024-03-25 23:39:17";"delivered";707.3
331;417;"2023-08-31 05:18:56";"cancelled";3618.61
332;439;"2024-03-24 20:14:46";"cancelled";2706.12
333;53;"2023-04-02 00:28:19";"paid";527.47
334;130;"2023-08-14 09:26:16";"shipped";500.64
335;290;"2023-10-14 21:48:07";"delivered";3931.03
336;482;"2023-03-16 12:26:38";"delivered";3293.87
337;42;"2024-05-12 22:39:46";"paid";3567.61
338;166;"2024-09-05 02:59:13";"shipped";2427.7
339;214;"2024-02-26 18:28:55";"pending";2028.14
340;437;"2024-12-05 11:37:20";"paid";3344.5
341;290;"2023-05-18 23:12:09";"pending";3845.49
342;63;"2024-06-05 03:08:08";"cancelled";1186.8
343;147;"2024-11-12 14:53:38";"shipped";3343.81
344;230;"2023-08-28 05:31:29";"delivered";667.91
345;478;"2024-04-20 19:57:37";"cancelled";565.64
346;447;"2024-04-25 06:09:27";"cancelled";4619.46
347;398;"2023-02-03 19:14:00";"delivered";3184.13
348;173;"2024-11-19 07:54:57";"paid";3879.17
349;492;"2023-08-06 05:50:06";"pending";4808.69
350;18;"2024-03-26 08:25:24";"shipped";2744.34
351;263;"2023-03-04 05:31:39";"shipped";3315.56
352;75;"2023-06-15 20:22:35";"paid";2637.19
353;212;"2024-01-08 06:14:01";"shipped";1622.08
354;69;"2023-04-21 10:24:43";"cancelled";1670.93
355;253;"2024-01-03 00:06:14";"paid";4899.95
356;91;"2024-03-27 08:31:10";"delivered";371.01
357;267;"2024-01-22 16:25:10";"delivered";4554.69
358;362;"2024-06-11 17:38:00";"pending";1209.85
359;298;"2023-08-25 02:04:32";"cancelled";115.23
360;344;"2024-07-15 06:44:53";"delivered";1168.33
361;249;"2024-02-11 19:40:41";"paid";1171.94
362;263;"2024-12-24 08:44:19";"paid";2017.18
363;301;"2023-09-24 23:17:41";"pending";3851.62
364;244;"2023-01-20 01:24:10";"paid";1032.44
365;371;"2023-04-12 09:48:50";"pending";4114.87
366;492;"2023-04-20 12:12:41";"pending";4047.16
367;13;"2023-03-24 00:47:47";"paid";1189.44
368;338;"2023-04-27 18:38:05";"pending";4944.45
369;225;"2024-01-01 12:26:52";"delivered";2834.25
370;151;"2024-05-20 20:01:56";"shipped";110.06
371;19;"2024-06-17 12:48:56";"cancelled";2329.24
372;247;"2023-04-12 13:31:37";"pending";3248.02
373;23;"2024-01-07 12:14:49";"shipped";1693.77
374;160;"2024-08-28 13:33:27";"pending";1077.86
375;35;"2023-01-29 10:57:51";"shipped";2224.01
376;451;"2023-12-16 18:06:30";"cancelled";4111.14
377;489;"2023-12-23 09:40:47";"paid";1076.75
378;189;"2024-03-03 08:32:31";"paid";4477.12
379;329;"2023-12-21 21:13:58";"pending";543.16
380;119;"2023-07-03 08:12:19";"pending";604.3
381;261;"2023-09-02 09:31:28";"pending";2385.42
382;377;"2024-09-02 15:48:17";"cancelled";152.46
383;222;"2023-11-27 21:05:42";"paid";4138.27
384;412;"2024-08-07 02:27:54";"delivered";4714.17
385;171;"2023-05-06 01:54:52";"shipped";257.64
386;103;"2024-05-01 05:19:51";"delivered";2679.18
387;107;"2023-04-26 18:46:02";"pending";2953.14
388;270;"2023-08-01 22:57:39";"cancelled";2573.36
389;52;"2024-01-12 19:54:55";"delivered";4582.24
390;221;"2024-02-08 06:01:54";"cancelled";2704.87
391;53;"2024-09-02 17:19:05";"delivered";284.41
392;304;"2024-08-25 00:57:04";"paid";294.73
393;198;"2023-05-26 13:45:13";"pending";4909.59
394;283;"2023-09-13 03:12:34";"pending";2474.16
395;52;"2024-09-20 05:13:13";"cancelled";2234.87
396;60;"2023-07-18 02:10:57";"paid";180.15
397;8;"2023-03-31 11:52:56";"pending";1028.31
398;419;"2023-03-28 08:04:00";"paid";3158.6
399;41;"2024-02-22 23:17:10";"pending";1958.61
400;85;"2024-01-10 00:53:42";"cancelled";3861.28
401;372;"2023-06-07 13:48:12";"delivered";3919.31
402;317;"2023-01-11 00:04:14";"paid";2880.46
403;413;"2024-03-28 04:25:50";"cancelled";2643.42
404;30;"2024-08-17 00:27:02";"delivered";1177.77
405;342;"2024-06-23 08:46:13";"pending";1038.91
406;250;"2024-10-06 07:53:40";"delivered";1912.6
407;477;"2024-07-28 02:21:12";"delivered";2155.02
408;332;"2024-05-20 09:14:35";"shipped";3900.7
409;326;"2023-08-06 23:42:36";"pending";2817.39
410;171;"2024-09-09 23:59:18";"paid";3275.84
411;401;"2024-07-21 06:22:56";"shipped";2449.71
412;189;"2023-03-05 01:57:59";"pending";4348.63
413;339;"2024-09-27 21:34:36";"paid";3352.75
414;495;"2023-07-29 05:05:38";"shipped";2849.07
415;190;"2024-06-08 02:03:04";"pending";3024.25
416;166;"2023-02-27 23:11:46";"cancelled";936.42
417;448;"2024-01-08 03:14:50";"cancelled";3222.7
418;424;"2023-07-13 20:11:52";"delivered";55.65
419;163;"2023-09-04 18:40:31";"shipped";4545.43
420;253;"2024-09-16 07:50:30";"delivered";486.19
421;382;"2023-05-27 06:25:19";"cancelled";832.33
422;5;"2023-05-15 03:23:59";"shipped";2834.54
423;291;"2023-08-21 11:37:22";"cancelled";2173.46
424;366;"2023-06-22 06:50:30";"paid";1199.36
425;82;"2024-03-29 17:08:03";"pending";4251.34
426;149;"2024-01-04 02:39:17";"shipped";2973.65
427;244;"2024-01-26 13:55:53";"delivered";2358.88
428;206;"2023-03-01 18:25:14";"delivered";1801.5
429;303;"2023-01-06 15:33:11";"paid";2910.21
430;191;"2024-01-21 14:21:24";"pending";1845.15
431;194;"2024-08-02 13:19:20";"cancelled";3972.49
432;401;"2023-04-30 10:40:34";"pending";4804.18
433;59;"2024-08-02 19:47:11";"delivered";1310.63
434;49;"2023-03-29 07:04:49";"pending";424.75
435;202;"2024-11-08 16:46:29";"cancelled";1955.06
436;106;"2023-06-22 03:25:54";"pending";1835.04
437;222;"2023-07-20 04:15:17";"shipped";2924.72
438;178;"2023-06-01 04:23:57";"pending";73.23
439;239;"2024-09-20 19:55:51";"paid";2210.5
440;222;"2024-10-22 11:11:32";"delivered";4216.54
441;92;"2024-10-19 09:21:46";"delivered";2463.39
442;77;"2023-04-28 23:35:41";"shipped";4768.46
443;183;"2023-10-26 17:33:14";"cancelled";2989.01
444;382;"2024-02-29 19:28:01";"shipped";4429.32
445;241;"2023-12-06 22:22:46";"cancelled";3979.73
446;455;"2024-07-19 21:30:38";"paid";530.72
447;103;"2023-12-29 21:03:14";"shipped";1605.96
448;116;"2024-12-05 22:20:07";"delivered";4490.05
449;427;"2023-05-16 15:37:00";"delivered";1302.16
450;208;"2023-06-26 07:05:44";"cancelled";1136.69
451;294;"2024-12-22 14:35:41";"paid";561.45
452;441;"2023-11-05 23:11:46";"pending";4419.15
453;182;"2023-03-15 05:25:58";"shipped";2552.54
454;416;"2023-05-19 09:28:51";"shipped";2169.06
455;34;"2024-11-28 06:28:24";"delivered";4242.43
456;269;"2024-08-12 22:30:55";"cancelled";1957.73
457;371;"2024-06-21 03:37:44";"paid";3277.08
458;310;"2024-09-06 08:20:00";"shipped";4507.86
459;192;"2023-06-11 02:25:01";"pending";692.26
460;34;"2023-07-18 09:49:17";"delivered";2553.54
461;264;"2024-06-30 16:24:51";"shipped";3718.27
462;36;"2023-05-06 00:04:46";"paid";3817.27
463;37;"2023-01-10 22:31:52";"cancelled";3681.25
464;103;"2024-10-20 21:25:32";"paid";3699.82
465;96;"2024-05-01 04:10:20";"cancelled";1866.36
466;19;"2024-11-11 18:57:27";"shipped";1068.99
467;141;"2023-10-23 20:06:16";"shipped";203.02
468;195;"2024-07-09 17:50:25";"delivered";514.59
469;174;"2023-02-03 02:00:41";"shipped";1572.57
470;325;"2024-11-06 09:30:35";"shipped";173.16
471;186;"2024-12-15 22:45:24";"shipped";4826.94
472;278;"2024-01-27 20:28:13";"delivered";3267.45
473;222;"2024-11-01 11:25:01";"delivered";1011.96
474;335;"2024-04-29 04:10:58";"paid";889.3
475;381;"2024-06-27 15:46:01";"delivered";4335.96
476;496;"2024-06-11 03:29:05";"delivered";3047.09
477;14;"2024-04-09 13:25:25";"delivered";1301.94
478;409;"2024-05-11 15:50:13";"paid";2800.37
479;453;"2023-03-15 17:08:36";"paid";4072.26
480;481;"2024-07-17 15:16:43";"paid";4151.93
481;479;"2024-06-13 22:43:32";"delivered";2460.04
482;284;"2023-06-05 11:21:25";"cancelled";4584.38
483;275;"2024-04-10 13:36:48";"delivered";4098.69
484;341;"2023-08-16 13:58:54";"shipped";2897.62
485;207;"2023-01-04 17:00:36";"paid";3437.26
486;48;"2023-08-21 06:57:02";"delivered";2108.81
487;168;"2024-10-15 13:01:56";"pending";4344.71
488;410;"2023-08-22 07:40:40";"paid";4677.64
489;244;"2024-09-16 01:08:05";"delivered";2943.81
490;323;"2024-09-24 14:28:47";"cancelled";2659.81
491;261;"2024-04-06 06:54:02";"pending";4266.58
492;405;"2023-08-12 15:55:21";"pending";4223.62
493;345;"2024-11-30 17:38:05";"shipped";2050.16
494;299;"2023-02-19 09:25:31";"delivered";4138.6
495;290;"2023-07-25 11:26:44";"pending";4076.93
496;50;"2023-05-02 15:14:34";"pending";2164.15
497;391;"2023-10-12 03:39:28";"delivered";2622.91
498;138;"2024-09-03 17:04:58";"pending";2183.39
499;481;"2023-06-30 00:32:57";"cancelled";3960.43
500;388;"2023-12-12 15:20:47";"paid";3907.03
501;342;"2024-04-03 00:33:37";"delivered";4592.06
502;400;"2024-06-14 02:05:47";"shipped";1921.18
503;228;"2024-10-22 19:39:55";"pending";900.81
504;402;"2024-12-09 05:10:20";"cancelled";2143.33
505;260;"2024-02-13 00:03:14";"cancelled";2873.98
506;149;"2023-02-22 18:31:41";"delivered";2386.66
507;92;"2023-02-15 16:25:42";"delivered";907.58
508;441;"2023-12-02 03:28:15";"delivered";3496.21
509;59;"2023-07-01 17:02:31";"pending";3042.88
510;205;"2023-05-08 04:55:15";"paid";4660.21
511;231;"2023-07-13 03:45:24";"delivered";1653.92
512;31;"2024-02-02 08:19:55";"shipped";3261.26
513;427;"2024-09-11 06:08:40";"delivered";270.71
514;233;"2024-03-12 20:51:54";"delivered";464.85
515;469;"2023-04-21 16:49:44";"paid";4083.88
516;426;"2023-01-12 20:51:42";"cancelled";2410.26
517;2;"2024-07-31 13:44:10";"cancelled";1591.4
518;93;"2024-01-21 19:28:55";"paid";282.26
519;218;"2024-05-17 18:56:17";"paid";288.8
520;125;"2023-02-03 04:22:31";"delivered";1432.1
521;141;"2023-12-28 18:58:29";"paid";3186.79
522;142;"2023-03-03 02:43:55";"paid";1519.36
523;226;"2023-08-28 05:04:30";"pending";571.11
524;20;"2023-01-28 12:47:14";"shipped";1209.83
525;130;"2023-03-18 18:07:40";"pending";4610.37
526;329;"2024-10-22 04:38:41";"delivered";2876.86
527;15;"2024-04-25 23:02:59";"delivered";2706.4
528;10;"2023-02-28 01:40:49";"paid";3848.04
529;256;"2023-05-28 20:53:25";"shipped";269.35
530;352;"2024-07-22 12:01:22";"shipped";2418.82
531;500;"2023-01-27 20:18:56";"delivered";1622.24
532;139;"2024-10-01 21:40:34";"pending";1690.0
533;451;"2023-07-22 16:50:23";"paid";1384.69
534;272;"2023-12-19 18:45:16";"paid";830.62
535;445;"2023-12-05 23:36:26";"shipped";3693.35
536;37;"2024-11-28 11:36:55";"delivered";2180.62
537;485;"2024-11-02 13:13:19";"delivered";4305.76
538;316;"2024-09-21 06:20:15";"cancelled";1789.24
539;230;"2023-11-26 02:00:37";"paid";706.4
540;143;"2024-12-06 12:20:21";"paid";1301.61
541;315;"2023-01-14 15:01:15";"pending";2079.53
542;382;"2023-02-13 01:44:45";"shipped";2979.71
543;46;"2024-06-10 09:07:44";"cancelled";419.93
544;42;"2023-07-18 04:00:47";"shipped";2952.28
545;194;"2023-02-26 11:47:57";"paid";247.04
546;345;"2023-04-17 00:16:38";"delivered";160.27
547;26;"2023-12-24 20:05:16";"shipped";767.27
548;53;"2024-11-01 13:26:19";"shipped";3564.18
549;263;"2024-04-14 06:54:09";"paid";2049.43
550;115;"2023-02-26 08:07:09";"paid";76.29
551;369;"2023-07-10 08:47:21";"delivered";1324.13
552;460;"2023-06-06 17:38:07";"pending";3237.56
553;190;"2024-11-07 19:36:05";"cancelled";2119.52
554;311;"2024-06-13 16:30:42";"shipped";123.11
555;155;"2023-10-22 17:57:45";"shipped";3741.42
556;378;"2024-08-26 02:18:21";"cancelled";709.78
557;247;"2024-11-26 08:07:00";"shipped";857.01
558;252;"2023-10-18 21:36:43";"paid";1667.02
559;312;"2023-02-26 22:35:42";"shipped";138.6
560;429;"2024-09-08 02:32:36";"delivered";1380.07
561;350;"2023-04-29 09:06:37";"delivered";4690.08
562;390;"2023-10-31 18:59:09";"paid";2442.98
563;86;"2023-11-02 22:30:22";"delivered";3008.82
564;392;"2023-11-19 23:26:15";"delivered";4142.67
565;10;"2023-11-23 00:26:57";"delivered";1265.0
566;105;"2024-11-05 16:34:21";"paid";4536.67
567;173;"2024-07-16 13:37:14";"paid";3797.09
568;59;"2023-06-19 12:59:00";"cancelled";358.71
569;310;"2023-08-06 01:34:51";"delivered";862.97
570;397;"2024-10-04 02:31:12";"paid";2602.91
571;298;"2024-01-11 08:21:09";"delivered";1072.94
572;160;"2023-12-23 12:16:06";"cancelled";494.4
573;168;"2023-12-03 00:17:11";"cancelled";1093.71
574;94;"2024-08-02 16:32:01";"delivered";1555.79
575;309;"2024-12-02 12:36:12";"pending";3731.68
576;129;"2023-04-22 23:12:44";"cancelled";2166.0
577;106;"2024-09-20 06:27:01";"paid";3048.72
578;373;"2024-04-14 22:45:23";"paid";751.29
579;345;"2024-11-03 14:07:35";"cancelled";2283.87
580;270;"2024-04-07 17:42:57";"paid";1024.66
581;8;"2024-02-23 08:22:37";"shipped";4047.55
582;15;"2023-03-29 06:24:44";"cancelled";3981.67
583;140;"2024-02-25 11:51:13";"delivered";383.48
584;95;"2023-10-28 20:08:42";"delivered";4499.94
585;280;"2024-04-04 01:41:56";"pending";4746.18
586;406;"2024-08-06 22:01:42";"cancelled";3533.59
587;243;"2024-09-22 15:46:51";"cancelled";1272.58
588;380;"2023-12-05 09:41:29";"cancelled";2407.05
589;445;"2024-11-16 20:28:55";"pending";3576.96
590;302;"2024-01-27 11:11:53";"delivered";3293.47
591;278;"2023-05-19 21:57:33";"cancelled";1112.22
592;490;"2023-04-13 00:13:02";"pending";1138.24
593;371;"2023-09-27 17:36:38";"pending";3595.28
594;358;"2024-03-08 07:50:30";"pending";55.18
595;54;"2024-01-03 02:52:19";"pending";2959.45
596;387;"2024-08-16 03:50:30";"shipped";2756.12
597;484;"2024-01-04 18:34:20";"pending";24.69
598;33;"2023-04-29 21:55:06";"delivered";1000.66
599;98;"2023-10-01 12:13:45";"pending";2585.68
600;304;"2023-05-02 23:29:38";"shipped";744.15
601;139;"2024-03-16 11:39:48";"paid";3476.98
602;102;"2023-09-19 08:37:00";"delivered";1525.39
603;349;"2023-03-26 08:30:18";"paid";865.81
604;443;"2024-09-28 09:27:57";"paid";122.21
605;238;"2024-07-21 20:51:54";"paid";87.24
606;40;"2023-09-25 06:01:28";"cancelled";4302.16
607;406;"2023-01-17 15:24:33";"delivered";3843.57
608;315;"2023-11-22 06:02:17";"pending";4400.41
609;142;"2023-04-26 07:08:46";"shipped";558.61
610;39;"2023-12-27 09:04:42";"cancelled";2243.66
611;380;"2024-10-22 21:29:25";"shipped";2431.76
612;313;"2024-06-05 11:58:05";"delivered";4609.71
613;347;"2024-05-12 12:59:55";"pending";2142.46
614;195;"2024-01-16 01:49:47";"delivered";572.46
615;46;"2024-03-12 15:20:34";"shipped";2889.99
616;175;"2024-04-18 08:31:10";"cancelled";3773.69
617;352;"2024-06-11 00:31:52";"delivered";257.09
618;179;"2024-11-28 05:59:00";"cancelled";3144.92
619;125;"2024-08-12 19:50:51";"cancelled";307.13
620;499;"2024-07-06 17:13:25";"paid";236.4
621;342;"2024-06-25 13:02:44";"paid";148.47
622;237;"2024-12-14 08:32:30";"delivered";4030.76
623;380;"2024-10-20 04:07:30";"pending";2961.98
624;353;"2023-05-11 14:42:38";"shipped";1646.19
625;54;"2024-09-05 02:12:14";"delivered";4878.96
626;173;"2023-07-17 06:45:15";"delivered";3911.86
627;480;"2024-02-08 23:55:02";"shipped";3688.92
628;160;"2023-04-01 13:00:34";"pending";3623.52
629;382;"2023-08-09 14:49:39";"delivered";1962.13
630;82;"2024-03-13 23:10:55";"shipped";4041.64
631;389;"2023-01-08 23:43:44";"shipped";2110.06
632;245;"2023-05-06 12:07:22";"shipped";2006.78
633;446;"2024-02-06 02:41:51";"delivered";3379.89
634;174;"2024-11-18 14:36:28";"paid";3366.29
635;479;"2023-09-23 13:47:56";"cancelled";1512.09
636;74;"2024-06-13 13:55:08";"paid";2457.05
637;5;"2024-03-22 00:31:58";"delivered";1126.33
638;286;"2023-11-20 15:08:48";"cancelled";3425.77
639;213;"2023-02-25 12:11:15";"delivered";2424.8
640;471;"2024-11-28 15:33:48";"shipped";1874.99
641;497;"2023-09-05 07:56:11";"paid";2865.88
642;388;"2024-10-20 13:25:07";"cancelled";382.36
643;15;"2024-12-18 18:31:41";"pending";2288.42
644;388;"2024-12-11 07:43:53";"cancelled";1494.91
645;225;"2023-09-14 07:07:20";"cancelled";3912.19
646;167;"2024-05-31 07:25:05";"delivered";4026.73
647;259;"2023-04-14 19:03:22";"pending";191.61
648;434;"2023-07-05 11:16:10";"delivered";3035.73
649;153;"2024-11-02 15:49:05";"shipped";708.02
650;16;"2023-12-22 02:04:44";"delivered";598.52
651;461;"2024-12-20 13:40:47";"shipped";2798.38
652;448;"2024-09-16 11:27:43";"pending";1898.89
653;423;"2024-08-14 17:52:19";"pending";4050.81
654;86;"2023-04-11 18:24:59";"paid";3691.16
655;379;"2024-08-07 09:02:58";"delivered";3992.54
656;339;"2024-11-09 17:34:53";"pending";988.0
657;72;"2023-03-29 02:57:24";"paid";2060.4
658;64;"2023-10-29 11:04:31";"pending";4048.17
659;223;"2024-12-08 09:20:34";"shipped";4534.74
660;39;"2023-08-22 20:20:45";"paid";3765.19
661;37;"2023-09-01 22:55:48";"shipped";2031.35
662;451;"2023-05-06 13:19:15";"shipped";1627.34
663;358;"2024-06-07 18:32:07";"paid";4127.77
664;257;"2023-04-26 21:49:53";"paid";896.22
665;183;"2024-04-13 22:10:38";"delivered";3985.01
666;406;"2023-11-18 19:15:01";"shipped";2452.37
667;193;"2024-08-07 18:06:20";"delivered";2923.81
668;414;"2023-11-03 12:28:40";"paid";4183.8
669;345;"2023-06-04 20:10:40";"delivered";3443.65
670;7;"2023-01-24 01:52:00";"delivered";4771.95
671;18;"2023-03-07 13:54:36";"shipped";433.83
672;124;"2023-12-26 10:48:00";"pending";3162.11
673;82;"2024-03-29 15:56:25";"paid";898.03
674;171;"2024-03-04 08:13:18";"paid";1082.06
675;289;"2024-05-06 08:42:01";"cancelled";2775.59
676;10;"2023-08-29 04:39:25";"shipped";3165.89
677;469;"2023-06-21 23:41:32";"cancelled";389.57
678;432;"2024-02-24 00:32:16";"cancelled";4408.54
679;420;"2024-05-08 06:55:22";"paid";128.92
680;148;"2023-10-12 02:32:11";"cancelled";3359.44
681;151;"2023-11-24 21:14:25";"shipped";367.03
682;68;"2024-10-15 13:17:03";"delivered";2114.2
683;450;"2024-12-23 10:19:05";"pending";3249.3
684;478;"2024-06-14 04:55:23";"delivered";1140.95
685;261;"2023-10-09 18:07:42";"pending";2236.3
686;185;"2024-08-05 01:56:58";"shipped";916.07
687;455;"2024-11-08 00:54:45";"cancelled";1251.56
688;122;"2023-02-10 21:32:31";"cancelled";2647.27
689;433;"2024-04-05 09:42:25";"delivered";903.86
690;76;"2023-11-06 00:25:14";"cancelled";3503.47
691;8;"2023-01-18 21:43:29";"cancelled";4743.2
692;67;"2023-08-10 06:35:12";"cancelled";2641.83
693;113;"2023-05-15 03:21:30";"shipped";3210.59
694;187;"2024-08-07 02:31:17";"cancelled";1579.22
695;136;"2023-12-15 07:26:57";"paid";2499.99
696;422;"2024-10-12 03:03:04";"delivered";1912.47
697;463;"2023-07-31 23:46:41";"pending";3411.65
698;184;"2024-09-17 00:35:49";"shipped";2225.27
699;459;"2024-10-29 11:35:45";"pending";4035.75
700;344;"2024-11-28 21:12:40";"paid";1551.11
701;106;"2023-10-01 03:14:06";"paid";3912.54
702;128;"2023-09-22 11:00:05";"shipped";271.2
703;69;"2023-09-28 07:42:13";"shipped";3568.19
704;165;"2023-10-29 20:22:45";"delivered";3613.17
705;266;"2024-11-26 01:18:41";"pending";3353.84
706;408;"2023-02-16 04:16:24";"pending";2694.32
707;46;"2024-06-26 08:11:32";"cancelled";4677.57
708;368;"2023-09-21 09:21:51";"delivered";1339.58
709;202;"2024-05-22 17:55:34";"pending";4445.23
710;473;"2024-03-01 10:00:54";"paid";3301.04
711;156;"2023-03-17 20:33:22";"shipped";4270.81
712;77;"2023-01-02 15:26:54";"shipped";4835.69
713;79;"2023-09-21 05:27:45";"paid";4361.46
714;489;"2024-08-25 04:34:51";"shipped";2108.4
715;396;"2024-02-19 21:21:54";"delivered";4516.9
716;460;"2024-01-31 23:52:44";"paid";1387.5
717;26;"2024-08-14 01:11:17";"delivered";278.86
718;455;"2023-05-22 20:33:53";"shipped";4677.0
719;376;"2024-08-11 06:12:08";"pending";3509.96
720;69;"2024-10-26 07:41:26";"delivered";129.34
721;462;"2023-10-16 20:31:08";"pending";2411.92
722;450;"2024-10-03 16:19:44";"delivered";4161.91
723;113;"2023-05-17 02:00:24";"cancelled";2237.4
724;406;"2023-03-24 10:41:55";"delivered";1815.41
725;332;"2024-08-30 04:26:15";"delivered";305.99
726;423;"2023-07-06 15:39:21";"paid";4185.44
727;379;"2024-06-23 08:34:36";"paid";3351.61
728;147;"2023-09-19 11:01:16";"delivered";634.56
729;59;"2023-11-30 00:21:48";"cancelled";1074.98
730;313;"2023-01-01 14:54:23";"paid";4811.83
731;280;"2024-12-08 00:58:32";"shipped";1562.31
732;9;"2023-12-02 20:34:39";"pending";1831.44
733;266;"2023-12-14 23:36:11";"paid";4770.7
734;297;"2024-02-01 09:19:33";"delivered";313.01
735;264;"2023-07-14 12:55:04";"shipped";2929.82
736;466;"2023-08-25 10:19:03";"delivered";4442.94
737;32;"2024-03-13 18:03:55";"delivered";4097.26
738;462;"2023-03-17 08:08:03";"delivered";1226.9
739;367;"2024-10-18 15:46:36";"paid";946.38
740;474;"2024-07-28 15:33:55";"shipped";1923.09
741;234;"2023-04-15 04:31:50";"delivered";2284.91
742;303;"2024-11-08 15:40:28";"shipped";1473.51
743;45;"2023-07-19 03:55:52";"paid";4348.13
744;59;"2024-05-02 07:36:24";"paid";3625.07
745;355;"2023-01-21 04:13:33";"cancelled";623.08
746;451;"2024-08-31 12:08:04";"pending";3854.35
747;468;"2024-04-09 20:57:36";"cancelled";3139.42
748;438;"2023-12-11 21:49:35";"shipped";316.77
749;453;"2024-01-04 22:33:56";"shipped";2466.07
750;474;"2023-10-14 18:22:06";"delivered";4716.68
751;185;"2023-08-20 08:23:11";"pending";1814.91
752;61;"2023-09-15 14:20:01";"pending";154.64
753;332;"2023-04-09 22:22:44";"cancelled";4361.71
754;278;"2024-04-30 07:30:15";"cancelled";310.99
755;38;"2024-09-06 09:08:32";"paid";2091.18
756;91;"2023-10-21 21:55:05";"paid";3863.3
757;202;"2024-07-30 05:01:07";"paid";1572.96
758;249;"2023-05-17 22:52:34";"pending";4711.4
759;195;"2024-10-13 04:15:23";"cancelled";2152.45
760;397;"2023-05-31 06:03:00";"cancelled";4625.72
761;445;"2023-07-23 16:51:43";"pending";2594.64
762;354;"2024-12-16 04:48:10";"pending";2257.91
763;291;"2024-02-13 22:38:12";"delivered";3954.24
764;231;"2024-11-24 00:04:44";"delivered";2113.66
765;289;"2023-08-12 19:20:33";"paid";99.16
766;351;"2023-06-04 19:01:18";"pending";1805.33
767;135;"2024-03-31 23:45:53";"paid";2406.49
768;280;"2023-06-26 17:26:36";"shipped";4813.06
769;494;"2023-10-14 00:52:44";"paid";2271.77
770;472;"2024-08-16 14:31:03";"cancelled";1728.78
771;148;"2024-01-07 00:37:18";"cancelled";1145.26
772;249;"2023-08-20 06:21:36";"delivered";345.18
773;79;"2024-10-13 13:34:44";"pending";4304.01
774;11;"2024-06-23 22:40:45";"shipped";3124.7
775;454;"2023-08-31 03:08:30";"pending";733.09
776;326;"2023-05-06 02:12:23";"paid";3455.92
777;465;"2024-07-10 19:13:52";"delivered";4676.85
778;288;"2024-10-30 13:49:21";"shipped";4487.42
779;378;"2024-10-10 16:39:08";"paid";4787.2
780;275;"2024-05-21 06:47:38";"pending";4741.22
781;451;"2023-08-27 13:14:53";"paid";881.2
782;213;"2023-02-17 13:23:56";"cancelled";4730.27
783;386;"2023-11-20 04:27:14";"pending";4630.08
784;139;"2023-06-20 08:45:42";"delivered";356.33
785;69;"2023-03-20 07:45:24";"paid";4453.16
786;457;"2023-12-22 18:29:15";"delivered";3353.35
787;80;"2023-05-23 01:32:45";"paid";2362.26
788;355;"2024-07-27 13:36:42";"paid";3376.68
789;3;"2024-05-14 21:34:48";"pending";1703.8
790;269;"2024-11-23 11:57:42";"shipped";2659.05
791;175;"2023-06-22 19:16:18";"shipped";675.94
792;41;"2023-03-04 20:28:43";"delivered";3792.93
793;351;"2024-11-05 20:39:45";"pending";530.18
794;399;"2024-10-18 13:51:06";"shipped";3376.25
795;166;"2024-09-17 22:05:54";"shipped";2283.63
796;3;"2024-12-25 01:25:57";"paid";2012.98
797;42;"2024-08-04 14:45:35";"pending";74.04
798;423;"2023-12-12 21:06:38";"paid";3037.57
799;115;"2024-10-24 02:34:13";"shipped";4511.57
800;361;"2024-02-11 01:10:30";"pending";57.72
801;390;"2024-05-14 12:57:29";"delivered";2977.5
802;40;"2023-09-17 06:25:38";"cancelled";736.83
803;226;"2024-04-07 11:21:08";"delivered";1398.67
804;291;"2023-11-24 00:54:48";"shipped";4041.48
805;410;"2023-09-30 19:11:41";"delivered";720.86
806;159;"2024-07-28 19:22:59";"delivered";2896.11
807;111;"2024-09-18 10:50:52";"pending";2362.15
808;372;"2023-01-15 17:47:55";"paid";4239.68
809;491;"2023-02-14 03:35:35";"cancelled";1087.13
810;154;"2024-03-23 11:39:19";"delivered";108.32
811;300;"2024-03-29 22:59:24";"paid";3151.42
812;405;"2023-07-05 12:06:54";"delivered";1851.95
813;468;"2024-05-15 07:40:13";"paid";2520.56
814;135;"2024-04-17 11:11:46";"pending";3600.96
815;80;"2023-10-05 17:31:26";"cancelled";3052.88
816;441;"2023-03-14 18:01:32";"pending";2450.67
817;409;"2023-07-28 21:44:42";"pending";1636.25
818;196;"2024-10-18 15:05:05";"pending";3401.54
819;111;"2023-03-17 01:00:52";"pending";1677.81
820;113;"2024-08-04 05:55:31";"shipped";3311.44
821;94;"2023-03-20 13:39:05";"paid";3711.23
822;308;"2023-10-31 01:23:32";"delivered";3836.07
823;99;"2023-07-20 14:54:29";"paid";3568.58
824;62;"2023-04-13 23:05:34";"pending";746.3
825;325;"2023-12-18 14:01:47";"cancelled";4537.05
826;393;"2024-05-13 15:10:08";"paid";360.54
827;138;"2024-09-02 20:22:43";"pending";116.5
828;453;"2024-05-08 04:05:38";"cancelled";83.36
829;127;"2024-09-29 07:09:41";"delivered";204.73
830;91;"2023-02-26 03:53:24";"pending";1076.03
831;444;"2024-06-29 08:48:49";"paid";1152.97
832;477;"2023-10-19 20:17:20";"delivered";778.27
833;487;"2024-09-05 07:38:08";"pending";3730.64
834;193;"2024-02-01 03:50:38";"pending";3216.55
835;45;"2023-06-09 05:05:01";"shipped";1815.1
836;169;"2023-03-03 06:12:57";"shipped";3218.84
837;406;"2023-04-04 05:00:52";"delivered";4057.81
838;36;"2023-12-10 08:17:33";"paid";575.93
839;102;"2023-02-11 19:27:37";"delivered";4715.39
840;396;"2024-10-06 17:20:31";"pending";2890.14
841;364;"2024-11-20 07:46:23";"paid";2298.92
842;35;"2024-12-11 02:02:08";"delivered";4316.99
843;219;"2024-09-23 10:15:01";"paid";3092.78
844;136;"2023-11-05 08:52:38";"shipped";4865.94
845;313;"2024-10-12 23:55:10";"paid";2841.63
846;283;"2024-04-10 16:10:34";"paid";932.7
847;370;"2024-06-16 20:17:18";"delivered";1943.98
848;242;"2024-09-16 01:59:54";"paid";520.86
849;339;"2024-10-06 04:14:35";"shipped";474.01
850;371;"2023-07-06 15:38:51";"paid";4478.53
851;177;"2024-10-21 12:11:57";"cancelled";3569.25
852;130;"2023-06-01 03:16:23";"shipped";4376.63
853;90;"2024-10-31 13:54:43";"delivered";3880.59
854;103;"2023-01-09 06:02:36";"pending";1213.98
855;402;"2024-07-04 05:14:46";"shipped";445.35
856;432;"2024-12-25 13:16:04";"cancelled";3876.61
857;189;"2024-02-20 21:34:00";"cancelled";3703.4
858;146;"2023-01-10 23:53:24";"delivered";2205.44
859;98;"2023-01-08 03:37:31";"delivered";4640.91
860;333;"2023-03-30 18:59:19";"pending";1585.45
861;104;"2024-09-01 05:47:14";"delivered";2389.1
862;370;"2024-10-27 18:07:18";"delivered";1408.62
863;156;"2023-05-16 07:55:07";"pending";1947.64
864;75;"2024-05-29 07:29:58";"paid";4386.81
865;336;"2024-12-04 01:52:51";"paid";102.98
866;144;"2023-06-04 01:28:02";"pending";780.92
867;142;"2024-02-04 06:46:51";"pending";1505.8
868;218;"2024-04-07 17:05:37";"delivered";4049.91
869;267;"2023-04-08 12:05:29";"cancelled";599.58
870;68;"2024-09-05 18:25:14";"paid";2921.79
871;435;"2024-07-01 05:46:12";"delivered";687.93
872;151;"2024-11-25 00:36:28";"paid";751.38
873;111;"2023-12-19 18:16:52";"pending";421.89
874;116;"2023-10-23 06:40:34";"cancelled";4728.41
875;36;"2024-08-21 10:31:21";"cancelled";3708.68
876;423;"2023-03-12 20:01:04";"delivered";2934.92
877;124;"2024-07-20 02:09:06";"delivered";2878.7
878;459;"2024-01-12 04:07:16";"shipped";1473.29
879;209;"2023-06-08 05:07:40";"shipped";1141.41
880;243;"2024-05-01 22:04:19";"shipped";2055.97
881;79;"2023-01-07 19:24:17";"paid";2425.43
882;19;"2023-08-04 15:08:43";"cancelled";3828.35
883;441;"2024-09-24 11:48:20";"cancelled";2232.78
884;25;"2024-12-04 08:32:01";"cancelled";1310.02
885;188;"2023-06-14 13:26:07";"pending";4367.06
886;215;"2023-07-02 11:28:00";"delivered";3603.13
887;44;"2024-03-07 17:19:30";"paid";1019.74
888;193;"2024-09-20 05:28:54";"delivered";624.62
889;100;"2023-09-24 22:45:17";"paid";4784.17
890;167;"2024-02-21 04:41:09";"pending";2357.57
891;436;"2023-06-25 15:43:00";"shipped";2726.45
892;192;"2023-11-16 11:06:15";"delivered";4716.26
893;161;"2024-12-24 05:32:03";"shipped";1476.37
894;461;"2023-12-19 19:56:41";"shipped";3304.24
895;79;"2024-01-26 13:24:51";"paid";4991.96
896;254;"2023-05-30 14:17:18";"cancelled";4866.69
897;47;"2024-11-29 06:06:44";"paid";2933.77
898;418;"2024-06-13 08:41:31";"delivered";3190.89
899;40;"2023-09-16 03:31:42";"delivered";2436.91
900;355;"2024-11-12 00:17:53";"shipped";180.18
901;419;"2023-01-22 17:07:23";"shipped";1305.66
902;268;"2023-02-14 19:27:41";"pending";2346.61
903;20;"2024-12-16 06:59:55";"delivered";1128.4
904;228;"2023-09-06 13:49:11";"cancelled";4420.56
905;49;"2023-08-19 22:17:26";"cancelled";4258.97
906;38;"2024-03-12 01:49:48";"shipped";196.65
907;429;"2023-01-01 16:19:56";"cancelled";3949.6
908;269;"2023-09-07 10:22:39";"pending";81.35
909;476;"2024-08-31 15:33:14";"cancelled";1238.66
910;33;"2023-11-12 09:10:40";"delivered";3296.04
911;168;"2023-11-12 12:28:41";"shipped";313.31
912;460;"2023-07-23 02:12:53";"cancelled";1289.06
913;407;"2023-08-23 22:17:07";"delivered";1603.94
914;279;"2024-01-23 04:45:40";"delivered";1908.12
915;129;"2023-08-26 16:12:05";"paid";1951.75
916;244;"2023-12-17 07:18:19";"shipped";1478.2
917;290;"2023-02-04 05:27:18";"pending";383.67
918;133;"2023-07-26 09:06:36";"shipped";2193.49
919;415;"2023-12-12 11:06:01";"paid";1199.05
920;366;"2023-04-11 03:03:53";"shipped";1870.76
921;313;"2024-08-20 11:11:25";"pending";4926.65
922;499;"2023-06-12 08:31:08";"shipped";289.08
923;4;"2024-01-30 01:30:04";"pending";2505.64
924;429;"2023-02-23 18:53:14";"pending";3337.3
925;39;"2024-03-20 21:44:50";"pending";4470.99
926;19;"2023-07-06 21:43:41";"delivered";358.38
927;82;"2024-01-21 13:04:23";"cancelled";613.88
928;276;"2023-10-29 08:49:28";"cancelled";1278.79
929;113;"2023-10-26 23:32:52";"cancelled";894.22
930;50;"2023-01-28 00:00:06";"delivered";511.33
931;483;"2024-11-14 10:29:51";"delivered";1049.95
932;378;"2023-02-02 11:41:31";"delivered";2767.23
933;278;"2024-11-04 15:45:10";"shipped";422.43
934;255;"2023-04-23 01:03:15";"cancelled";2849.28
935;76;"2023-10-08 21:20:33";"cancelled";2724.54
936;21;"2023-03-07 13:28:05";"pending";533.6
937;235;"2024-12-21 10:54:30";"delivered";1565.36
938;117;"2024-10-17 06:31:32";"delivered";286.22
939;471;"2023-12-02 18:35:07";"cancelled";369.94
940;396;"2023-08-04 08:06:26";"shipped";1534.71
941;453;"2024-12-15 04:19:48";"pending";209.99
942;242;"2024-11-06 19:23:33";"delivered";1166.7
943;411;"2024-11-21 21:14:27";"delivered";4094.06
944;200;"2024-12-29 20:49:16";"cancelled";2060.95
945;273;"2023-06-28 02:52:21";"cancelled";781.75
946;314;"2024-10-22 02:56:47";"shipped";3001.54
947;468;"2023-05-15 02:21:01";"paid";1455.33
948;187;"2023-04-12 15:43:44";"cancelled";2453.8
949;468;"2024-05-13 23:09:21";"shipped";3274.77
950;317;"2024-10-31 11:25:51";"shipped";1756.07
951;211;"2023-04-04 04:09:35";"pending";4102.6
952;382;"2023-02-06 21:00:32";"cancelled";4697.21
953;208;"2023-09-03 14:46:41";"shipped";1247.13
954;132;"2024-05-23 23:09:57";"paid";3574.53
955;203;"2023-10-04 18:35:50";"pending";2787.88
956;460;"2023-04-18 17:18:46";"delivered";2643.42
957;432;"2023-05-16 17:54:43";"shipped";2071.86
958;342;"2023-01-19 21:11:32";"paid";2842.85
959;216;"2024-05-28 08:21:38";"shipped";194.8
960;446;"2024-08-13 13:17:41";"cancelled";3482.86
961;348;"2024-07-12 00:59:42";"delivered";3901.05
962;105;"2023-07-08 04:01:13";"pending";1577.45
963;278;"2024-03-12 02:03:00";"delivered";1672.92
964;128;"2024-06-03 10:56:37";"shipped";3756.82
965;483;"2024-05-21 18:55:32";"paid";2501.33
966;200;"2023-05-20 16:05:09";"cancelled";2137.32
967;362;"2024-03-05 03:44:45";"cancelled";1088.68
968;331;"2024-11-21 04:22:56";"cancelled";2676.18
969;273;"2023-10-31 22:04:07";"cancelled";1890.42
970;19;"2023-07-16 09:40:49";"paid";84.05
971;84;"2023-09-28 09:41:50";"paid";2661.7
972;326;"2023-05-12 02:02:49";"paid";3824.13
973;199;"2023-08-24 19:14:31";"shipped";43.13
974;36;"2024-12-03 23:15:59";"cancelled";523.22
975;150;"2024-08-25 16:14:39";"delivered";3734.03
976;451;"2023-07-29 06:05:54";"paid";3787.33
977;165;"2024-09-01 05:28:11";"cancelled";3289.65
978;53;"2023-08-31 02:05:51";"cancelled";2468.26
979;207;"2024-11-01 19:47:11";"paid";2112.32
980;265;"2023-04-28 13:54:16";"cancelled";3400.8
981;97;"2024-03-05 16:12:30";"cancelled";634.87
982;281;"2023-10-26 06:15:00";"delivered";536.41
983;269;"2024-11-28 02:46:28";"cancelled";3862.17
984;374;"2023-03-12 11:18:41";"paid";2220.74
985;465;"2023-04-14 10:39:12";"cancelled";126.92
986;355;"2024-01-06 14:34:01";"cancelled";1532.85
987;477;"2023-07-10 17:57:35";"delivered";1715.31
988;176;"2024-05-08 17:24:57";"pending";1159.96
989;91;"2024-09-16 22:28:39";"delivered";1387.81
990;244;"2023-11-12 03:16:20";"paid";3257.02
991;296;"2023-04-06 12:59:00";"delivered";1213.39
992;318;"2023-10-03 13:18:48";"shipped";1586.63
993;386;"2024-06-20 15:56:33";"cancelled";2159.93
994;370;"2024-12-02 04:01:29";"delivered";2070.91
995;227;"2023-01-04 11:49:40";"pending";1380.94
996;276;"2023-11-26 15:34:18";"delivered";1710.85
997;497;"2024-02-23 05:59:38";"pending";3836.74
998;348;"2023-12-02 16:47:30";"cancelled";965.03
999;216;"2023-10-16 13:42:53";"cancelled";3315.14
1000;157;"2023-06-21 12:05:29";"cancelled";4628.66
